entrezID,acronym,isAstrocyteEnriched,isOligodendrocyteEnriched,isNeuronEnriched,isGoodGeneBrain,isPersistent
100042150,Nrg2,0,0,0,1,1
100072,Camta1,0,0,1,1,1
100182,Akna,1,0,0,1,1
100737,Dcun1d4,0,0,0,1,1
100978,Nfxl1,0,0,0,1,1
102278,Cpne7,0,0,1,1,1
103236,Csnk1g2,0,0,0,1,1
103806,Maml1,0,0,0,1,1
104080,Nxph4,0,0,0,1,1
104156,Etv5,1,0,0,1,1
104245,Slc6a5,0,0,0,1,1
104318,Csnk1d,0,0,0,1,1
104360,Isl2,0,0,0,1,1
104382,Barhl2,0,0,0,1,1
104383,Rcor2,0,0,0,1,1
104384,Rhox9,0,0,0,1,0
104394,E2f4,0,0,0,1,1
104443,Npffr2,0,0,0,1,1
105349,Akr1c18,0,0,0,1,1
105440,Kctd9,0,0,0,1,1
105501,Abhd4,1,1,0,1,1
105594,Cphx1,0,0,0,1,1
105689,Mycbp2,0,0,0,1,1
105734,Tigd5,0,0,0,1,1
105859,Csdc2,1,0,0,1,1
106894,Hmgxb3,0,0,0,1,1
107448,Unc5a,0,0,0,1,1
107449,Unc5b,0,1,0,1,1
107522,Ece2,1,0,0,1,1
107581,Col16a1,1,0,0,1,1
107589,Mylk,0,0,0,1,1
107746,Rapgef1,0,1,0,1,0
107751,Prrxl1,0,0,0,1,1
107771,Bmyc,1,0,0,1,1
107823,Whsc1,0,0,0,1,1
107889,Gcm2,0,0,0,1,1
107934,Celsr3,0,0,1,1,1
108015,Chrnb4,0,0,0,1,1
108043,Chrnb3,0,0,0,1,1
108068,Grm2,0,0,1,1,1
108069,Grm3,1,0,0,1,1
108071,Grm5,0,0,1,1,0
108072,Grm6,0,0,0,1,1
108143,Taf9,0,0,0,1,1
108151,Sema3d,0,1,0,1,1
108655,Foxp1,0,0,1,1,1
108829,Jmjd1c,0,1,0,1,1
108961,E2f8,0,1,0,1,0
109232,Sccpdh,0,1,0,1,1
109272,Mybpc1,0,0,0,1,1
109593,Lmo3,0,0,1,1,1
109594,Lmo1,0,0,1,1,1
109648,Npy,0,0,1,1,1
109663,Hoxc11,0,0,0,1,1
109731,Maob,1,0,0,1,1
110006,Gusb,1,0,0,1,1
110075,Bmp3,0,0,0,1,1
110304,Glra3,0,0,0,1,1
110312,Pmch,0,0,0,1,1
110391,Qdpr,0,1,0,1,1
110521,Hivep1,1,0,0,1,1
110542,Amhr2,1,0,0,1,1
110637,Grik4,0,0,0,1,1
110648,Lmx1a,0,0,0,1,1
110784,Nr3c2,1,0,0,1,1
110789,Gpr98,0,0,0,1,1
110796,Tshz1,0,1,0,1,1
110834,Chrna3,0,0,1,1,1
110835,Chrna5,0,0,0,1,1
110862,Kcnq3,0,0,1,1,1
110877,Slc18a1,0,0,0,1,1
110886,Gabra5,0,0,1,1,1
110902,Chrna2,0,0,0,1,1
11298,Aanat,0,0,0,1,1
11302,Aatk,0,1,0,1,1
11305,Abca2,0,1,0,1,1
11350,Abl1,0,1,0,1,1
114128,Laptm4b,0,0,0,1,1
114142,Foxp2,0,0,1,1,1
11418,Asic2,0,0,0,1,1
11419,Asic1,0,0,0,1,1
11421,Ace,0,0,0,1,1
11423,Ache,0,0,1,1,1
11438,Chrna4,0,0,0,1,1
11440,Chrna6,0,0,0,1,1
11441,Chrna7,0,0,1,1,1
11444,Chrnb2,0,0,1,1,1
114606,Tle6,0,1,0,1,1
11461,Actb,1,0,0,1,1
114712,Ferd3l,0,0,0,1,1
114713,Rasa2,1,0,0,1,1
114741,Supt16,0,0,0,1,1
11477,Acvr1,0,0,0,1,1
114774,Pawr,0,1,0,1,1
11479,Acvr1b,0,0,1,1,1
11480,Acvr2a,0,0,1,1,1
11481,Acvr2b,0,1,0,1,1
11482,Acvrl1,0,0,0,1,1
11487,Adam10,0,0,0,1,1
114873,Dscaml1,0,1,0,1,1
114889,Vsx1,0,0,0,1,1
114893,Dcun1d1,0,1,0,1,1
11491,Adam17,1,0,0,1,1
11492,Adam19,0,1,0,1,1
11515,Adcy9,0,0,0,1,1
11516,Adcyap1,0,0,1,1,1
11517,Adcyap1r1,1,0,0,1,1
11538,Adnp,0,0,0,1,1
11540,Adora2a,0,0,0,1,0
11551,Adra2a,1,0,0,1,1
11552,Adra2b,0,0,0,1,1
11553,Adra2c,0,0,0,1,0
11554,Adrb1,1,0,0,1,1
11569,Aebp2,0,1,0,1,1
11600,Angpt1,1,0,0,1,0
11601,Angpt2,0,0,0,1,0
11602,Angpt4,0,0,0,1,1
11604,Agrp,0,0,0,1,1
11606,Agt,1,0,0,1,1
11607,Agtr1a,0,0,0,1,1
11614,Nr0b1,0,0,0,1,1
11622,Ahr,1,0,0,1,1
11651,Akt1,0,0,0,1,1
11669,Aldh2,1,0,0,1,1
116701,Fgfrl1,1,0,0,1,1
116810,Foxn4,0,0,0,1,1
11682,Alk,0,0,0,1,1
116870,Mta1,0,0,0,1,0
116871,Mta3,0,1,0,1,1
116903,Calcb,0,0,0,1,1
11694,Alx3,0,0,0,1,1
11695,Alx4,0,0,0,1,1
11705,Amh,0,0,0,1,1
117148,Necab2,0,0,0,1,1
117167,Steap4,0,0,0,1,1
11744,Anxa11,0,1,0,1,0
11746,Anxa4,0,0,0,1,1
117606,Boc,1,0,0,1,1
11784,Apba2,0,0,0,1,1
11789,Apc,0,0,0,1,0
11803,Aplp1,0,1,0,1,1
11815,Apod,0,1,0,1,1
11816,Apoe,1,0,0,1,1
11819,Nr2f2,0,0,0,1,1
11820,App,0,1,0,1,1
11829,Aqp4,1,0,0,1,1
11835,Ar,0,0,1,1,1
11838,Arc,0,0,0,1,1
11839,Areg,0,0,0,1,1
11845,Arf6,0,0,0,1,1
11848,Rhoa,0,1,0,1,0
11859,Phox2a,0,0,0,1,1
11863,Arnt,0,0,0,1,1
11864,Arnt2,0,0,0,1,1
11865,Arntl,1,0,0,1,1
11876,Artn,0,0,0,1,1
11877,Arvcf,0,1,0,1,1
11878,Arx,1,0,0,1,1
11899,Astn1,1,0,0,1,1
11906,Zfhx3,0,0,0,1,1
11908,Atf1,1,0,0,1,1
11909,Atf2,0,0,1,1,1
11910,Atf3,1,0,0,1,1
11911,Atf4,0,0,0,1,1
11921,Atoh1,0,0,0,1,1
11922,Neurod6,0,0,1,1,1
11923,Neurod4,0,0,0,1,1
11924,Neurog2,0,0,0,1,1
11925,Neurog3,0,0,0,1,1
11928,Atp1a1,0,0,0,1,1
11932,Atp1b2,1,0,0,1,1
11980,Atp8a1,0,1,0,1,0
11982,Atp10a,0,0,1,1,0
11998,Avp,0,0,0,1,1
12000,Avpr2,0,0,0,1,1
12005,Axin1,0,0,0,1,1
12006,Axin2,1,0,0,1,1
12013,Bach1,0,0,0,1,1
12014,Bach2,0,1,0,1,1
12020,Nkx3-2,0,0,0,1,1
12023,Barx2,0,0,0,1,1
12032,Bcan,1,0,0,1,1
12034,Phb2,0,0,0,1,1
12035,Bcat1,0,1,0,1,1
12038,Bche,0,1,0,1,1
12053,Bcl6,1,0,0,1,1
12064,Bdnf,0,0,1,1,1
12121,Bicd1,0,1,0,1,1
12125,Bcl2l11,0,0,0,1,1
12153,Bmp1,0,1,0,1,1
12154,Bmp10,0,0,0,1,1
12155,Bmp15,0,0,0,1,1
12156,Bmp2,0,1,0,1,1
12159,Bmp4,0,1,0,1,1
12160,Bmp5,0,0,0,1,1
12161,Bmp6,0,0,0,1,1
12162,Bmp7,1,0,0,1,1
12163,Bmp8a,0,0,0,1,1
12165,Gdf2,0,0,0,1,1
12166,Bmpr1a,1,0,0,1,1
12167,Bmpr1b,1,0,0,1,1
12168,Bmpr2,0,0,0,1,1
12189,Brca1,0,1,0,1,0
12192,Zfp36l1,1,0,0,1,0
12223,Btc,0,0,0,1,1
12234,Btrc,0,0,0,1,1
12259,C1qa,0,1,0,1,1
12260,C1qb,0,1,0,1,1
12268,C4b,1,0,0,1,1
12286,Cacna1a,0,0,1,1,1
12291,Cacna1g,0,0,1,1,1
12293,Cacna2d1,0,0,1,1,1
12294,Cacna2d3,0,0,1,1,1
12305,Ddr1,0,1,0,1,1
12306,Anxa2,1,0,0,1,1
12307,Calb1,0,0,1,1,1
12308,Calb2,0,0,1,1,1
12310,Calca,0,0,1,1,1
12311,Calcr,0,0,0,1,0
12326,Camk4,0,0,1,1,1
12349,Car2,1,0,0,1,1
12350,Car3,1,0,0,1,1
12355,Nr1i3,0,0,0,1,1
12367,Casp3,0,0,0,1,1
12387,Ctnnb1,0,0,0,1,1
12388,Ctnnd1,1,0,0,1,1
12393,Runx2,0,0,0,1,1
12395,Runx1t1,0,0,1,1,1
12396,Cbfa2t2,0,0,0,1,1
12405,Cbln2,0,0,1,1,1
12424,Cck,0,0,1,1,1
12425,Cckar,0,0,0,1,1
12426,Cckbr,0,0,1,1,0
12450,Ccng1,0,0,0,1,1
12484,Cd24a,0,0,1,1,0
12505,Cd44,1,0,0,1,1
12509,Cd59a,0,1,0,1,1
12527,Cd9,0,1,0,1,1
12540,Cdc42,0,0,1,1,1
12550,Cdh1,0,0,0,1,0
12554,Cdh13,0,0,1,1,1
12557,Cdh17,0,0,0,1,1
12558,Cdh2,1,0,0,1,1
12560,Cdh3,0,0,0,1,1
12561,Cdh4,1,0,0,1,1
12562,Cdh5,0,0,0,1,1
12563,Cdh6,0,1,0,1,1
12564,Cdh8,0,0,1,1,1
12565,Cdh9,0,0,1,1,1
12568,Cdk5,0,1,0,1,0
12569,Cdk5r1,0,0,1,1,1
12590,Cdx1,0,0,0,1,1
12591,Cdx2,0,0,0,1,1
12592,Cdx4,0,0,0,1,1
12609,Cebpd,1,0,0,1,0
12611,Cebpg,0,0,0,1,1
12614,Celsr1,1,0,0,1,1
12616,Cenpb,0,0,0,1,1
12627,Cfc1,0,0,0,1,1
12633,Cflar,1,0,0,1,1
12647,Chat,0,0,0,1,1
12661,Chl1,0,0,1,1,1
12669,Chrm1,0,0,1,1,0
12671,Chrm3,0,0,0,1,1
12672,Chrm4,0,0,0,1,1
12677,Vsx2,0,0,0,1,1
12704,Cit,1,0,0,1,1
12705,Cited1,0,0,0,1,1
12728,Clcn5,0,1,0,1,1
12741,Cldn5,0,0,0,1,1
12753,Clock,0,0,0,1,1
12759,Clu,1,0,0,1,1
12767,Cxcr4,0,0,0,1,1
12799,Cnp,0,0,0,1,1
12801,Cnr1,0,0,1,1,1
12802,Cnr2,0,0,0,1,1
12805,Cntn1,0,1,0,1,1
12810,Coch,0,0,1,1,1
12814,Col11a1,0,0,0,1,1
12815,Col11a2,0,1,0,1,1
12816,Col12a1,0,0,0,1,1
12817,Col13a1,0,0,0,1,1
12818,Col14a1,0,0,0,1,1
12819,Col15a1,0,0,0,1,1
12822,Col18a1,0,0,0,1,1
12824,Col2a1,0,0,0,1,1
12825,Col3a1,0,0,0,1,1
12826,Col4a1,0,0,0,1,1
12827,Col4a2,0,0,0,1,1
12830,Col4a5,1,0,0,1,1
12831,Col5a1,0,0,0,1,1
12832,Col5a2,1,0,0,1,1
12833,Col6a1,0,0,1,1,1
12837,Col8a1,0,0,1,1,1
12839,Col9a1,0,1,0,1,1
12841,Col9a3,0,1,0,1,1
12842,Col1a1,0,0,0,1,1
12846,Comt,1,0,0,1,1
12854,Cort,0,0,0,1,1
12862,Cox6a2,0,0,1,1,1
12912,Creb1,0,0,0,1,1
12913,Creb3,0,0,0,1,1
12914,Crebbp,0,0,0,1,1
12915,Atf6b,0,0,0,1,1
12918,Crh,0,0,1,1,1
12921,Crhr1,0,0,1,1,0
12922,Crhr2,0,0,0,1,1
12927,Bcar1,0,1,0,1,1
12931,Crlf1,0,0,0,1,1
12939,Pcdha7,0,0,0,1,1
12951,Crx,0,0,0,1,1
12971,Crym,0,0,1,1,1
12977,Csf1,0,1,0,1,0
12978,Csf1r,0,0,0,1,1
12995,Csnk2a1,0,1,0,1,0
13000,Csnk2a2,0,0,0,1,1
13001,Csnk2b,0,0,0,1,1
13010,Cst3,1,0,0,1,1
13017,Ctbp2,1,0,0,1,1
13019,Ctf1,0,0,0,1,0
13040,Ctss,0,1,0,1,1
13047,Cux1,0,0,0,1,1
13048,Cux2,0,0,0,1,1
13075,Cyp19a1,0,0,0,1,1
13123,Cyp7b1,1,0,0,1,1
13131,Dab1,1,0,0,1,1
13134,Dach1,0,0,0,1,1
13162,Slc6a3,0,0,0,1,1
13166,Dbh,0,0,0,1,1
13167,Dbi,1,0,0,1,1
13170,Dbp,1,0,0,1,1
13172,Dbx1,0,0,0,1,1
13176,Dcc,0,0,0,1,1
13180,Pcbd1,0,0,0,1,1
13193,Dcx,0,0,1,1,1
13195,Ddc,0,1,0,1,1
13198,Ddit3,1,0,0,1,1
13207,Ddx5,0,0,1,1,1
13345,Twist2,0,0,0,1,1
13380,Dkk1,0,0,0,1,1
13386,Dlk1,0,0,0,1,1
13388,Dll1,0,1,0,1,1
13389,Dll3,0,1,0,1,1
13390,Dlx1,0,0,1,1,1
13392,Dlx2,0,0,0,1,1
13393,Dlx3,0,0,0,1,1
13394,Dlx4,0,0,0,1,1
13395,Dlx5,0,0,0,1,1
13396,Dlx6,0,0,0,1,1
13433,Dnmt1,0,0,0,1,1
13434,Trdmt1,1,0,0,1,1
13435,Dnmt3a,0,0,0,1,1
13436,Dnmt3b,0,0,0,1,1
13447,Doc2b,0,0,1,1,1
13488,Drd1,0,0,0,1,1
13489,Drd2,0,0,0,1,1
13490,Drd3,0,0,0,1,1
13491,Drd4,0,0,0,1,1
13492,Drd5,0,0,0,1,1
13494,Drg1,0,0,0,1,1
13506,Dsc2,0,0,0,1,1
13507,Dsc3,0,0,0,1,1
13510,Dsg1a,0,0,0,1,1
13512,Dsg3,0,0,0,1,1
13518,Dst,0,1,0,1,1
13542,Dvl1,0,0,0,1,1
13544,Dvl3,0,0,0,1,1
13555,E2f1,0,0,0,1,1
13557,E2f3,0,1,0,1,1
13559,E2f5,1,0,0,1,1
13590,Lefty1,0,0,0,1,1
13591,Ebf1,0,0,1,1,1
13592,Ebf2,0,0,0,1,1
13593,Ebf3,0,0,1,1,1
13599,Ecel1,0,0,1,1,1
13609,S1pr1,0,0,0,1,1
13618,Ednrb,1,0,0,1,1
13626,Eed,0,0,0,1,0
13636,Efna1,0,1,0,1,1
13637,Efna2,0,0,0,1,1
13638,Efna3,0,0,1,1,1
13639,Efna4,0,0,0,1,1
13640,Efna5,0,0,1,1,1
13642,Efnb2,0,0,1,1,1
13643,Efnb3,0,1,0,1,1
13645,Egf,0,0,0,1,1
13649,Egfr,1,0,0,1,1
13653,Egr1,1,0,0,1,1
13654,Egr2,0,0,1,1,1
13655,Egr3,0,0,1,1,1
13661,Ehf,0,0,0,1,1
13709,Elf1,0,1,0,1,1
13710,Elf3,0,0,0,1,1
13711,Elf5,1,0,0,1,1
13712,Elk1,0,0,0,1,1
13713,Elk3,1,0,0,1,1
13714,Elk4,0,1,0,1,1
13796,Emx1,0,0,0,1,1
13797,Emx2,1,0,0,1,1
13798,En1,0,0,0,1,1
13799,En2,0,1,0,1,1
13800,Enah,1,0,0,1,1
13803,Enc1,0,0,1,1,1
13805,Eng,0,0,0,1,1
13813,Eomes,0,0,0,1,1
13819,Epas1,1,0,0,1,1
13835,Epha1,0,0,0,1,1
13837,Epha3,0,0,1,1,1
13838,Epha4,0,0,1,1,1
13839,Epha5,1,0,1,1,1
13840,Epha6,0,0,0,1,1
13841,Epha7,0,0,1,1,1
13842,Epha8,0,0,1,1,1
13844,Ephb2,0,0,1,1,1
13845,Ephb3,1,0,0,1,1
13846,Ephb4,0,0,0,1,1
13848,Ephb6,0,0,1,1,1
13864,Nr2f6,0,0,0,1,0
13865,Nr2f1,1,0,0,1,1
13866,Erbb2,1,0,0,1,1
13867,Erbb3,0,1,0,1,1
13869,Erbb4,0,1,0,1,0
13874,Ereg,0,0,0,1,1
13875,Erf,0,0,0,1,0
13876,Erg,0,0,0,1,1
13982,Esr1,0,0,1,1,1
13983,Esr2,0,0,0,1,1
13984,Esx1,0,0,0,1,1
14008,Etv2,0,0,0,1,1
14009,Etv1,0,1,0,1,1
14011,Etv6,0,1,1,1,1
14020,Evi5,1,0,0,1,1
14025,Bcl11a,0,0,1,1,1
14026,Evl,0,0,1,1,1
14029,Evx2,0,0,0,1,1
140477,Dmbx1,0,0,0,1,1
140484,Pofut1,1,0,0,1,1
140489,Bhlhe23,0,0,0,1,1
140492,Kcnn2,1,0,0,1,1
14051,Eya4,1,0,0,1,1
140570,Plxnb2,1,0,0,1,1
140723,Cacng5,0,0,1,1,1
14073,Faah,0,0,0,1,1
140741,Gpr6,0,0,1,1,1
14083,Ptk2,0,1,0,1,1
140919,Slc17a6,0,0,1,1,1
14102,Fas,0,0,0,1,1
14106,Foxh1,0,0,0,1,1
14107,Fat1,1,0,0,1,1
14133,Fcna,0,0,0,1,1
14134,Fcnb,0,0,0,1,1
14164,Fgf1,1,0,0,1,1
14165,Fgf10,0,0,0,1,1
14167,Fgf12,0,0,1,1,1
14169,Fgf14,0,0,1,1,1
14170,Fgf15,0,0,0,1,1
14171,Fgf17,0,0,0,1,1
14172,Fgf18,0,0,0,1,1
14173,Fgf2,0,0,0,1,1
14174,Fgf3,0,0,0,1,1
14175,Fgf4,0,0,0,1,1
14176,Fgf5,0,0,0,1,1
14177,Fgf6,0,0,0,1,1
14178,Fgf7,0,1,0,1,1
14179,Fgf8,0,0,0,1,1
14180,Fgf9,0,0,1,1,0
14181,Fgfbp1,0,0,0,1,1
14182,Fgfr1,1,0,0,1,1
14183,Fgfr2,1,0,0,1,1
14184,Fgfr3,1,0,0,1,1
14186,Fgfr4,0,0,0,1,1
14190,Fgl2,0,0,0,1,1
14205,Figf,0,0,1,1,1
14219,Ctgf,0,0,0,1,1
14233,Foxi1,0,0,0,1,1
14234,Foxc2,0,0,0,1,1
14235,Foxm1,0,0,0,1,1
14236,Foxn2,0,1,0,1,1
14237,Foxd4,0,0,0,1,1
14238,Foxf2,0,0,0,1,0
14239,Foxs1,0,0,0,1,1
14240,Foxb2,0,0,0,1,1
14241,Foxl1,0,0,0,1,1
14247,Fli1,0,0,0,1,1
14254,Flt1,0,0,0,1,1
14255,Flt3,0,0,0,1,1
14257,Flt4,0,0,0,1,1
14261,Fmo1,1,0,0,1,1
14265,Fmr1,0,0,0,1,1
14268,Fn1,0,0,0,1,1
14281,Fos,1,0,0,1,1
14284,Fosl2,0,0,1,1,1
14296,Frat1,0,0,0,1,1
14314,Fstl1,1,0,0,1,1
14357,Dtx1,1,1,0,1,1
14360,Fyn,0,1,0,1,1
14362,Fzd1,1,0,0,1,1
14365,Fzd3,0,1,0,1,1
14366,Fzd4,1,0,0,1,1
14367,Fzd5,0,1,0,1,1
14368,Fzd6,0,0,0,1,1
14369,Fzd7,1,0,0,1,0
14370,Fzd8,1,0,0,1,1
14371,Fzd9,1,0,0,1,1
14390,Gabpa,1,0,0,1,1
14391,Gabpb1,0,0,0,1,1
14394,Gabra1,0,0,1,1,1
14395,Gabra2,1,0,0,1,1
14396,Gabra3,0,0,1,1,1
14397,Gabra4,1,0,0,1,1
14399,Gabra6,0,0,0,1,1
14400,Gabrb1,1,0,0,1,1
14401,Gabrb2,0,0,0,1,1
14402,Gabrb3,0,0,1,1,1
14403,Gabrd,0,0,1,1,1
14404,Gabre,0,0,0,1,1
14405,Gabrg1,1,0,0,1,1
14407,Gabrg3,0,0,0,1,1
14408,Gabrr1,0,0,0,1,1
14409,Gabrr2,0,0,0,1,1
14412,Slc6a13,0,0,0,1,1
14415,Gad1,0,0,1,1,1
14417,Gad2,0,0,1,1,1
14419,Gal,0,0,0,1,1
14427,Galr1,0,0,0,1,1
14428,Galr2,0,0,0,1,1
14432,Gap43,0,0,1,1,1
14451,Gas1,1,0,0,1,1
14461,Gata2,0,0,0,1,1
14465,Gata6,0,0,0,1,1
14472,Gbx2,0,0,0,1,1
14526,Gcg,0,0,0,1,1
14528,Gch1,0,0,0,1,1
14531,Gcm1,0,0,0,1,1
14536,Nr6a1,0,0,0,1,1
14544,Gda,0,0,1,1,1
14559,Gdf1,0,0,0,1,1
14560,Gdf10,1,0,0,1,1
14561,Gdf11,0,0,0,1,1
14562,Gdf3,0,0,0,1,1
14563,Gdf5,0,0,0,1,1
14566,Gdf9,0,0,0,1,1
14573,Gdnf,0,0,0,1,1
14580,Gfap,1,0,0,1,0
14585,Gfra1,0,1,0,1,1
14586,Gfra2,0,0,1,1,1
14587,Gfra3,0,0,0,1,0
14601,Ghrh,0,0,0,1,1
14605,Tsc22d3,1,0,0,1,1
14608,Gpr83,0,0,1,1,1
14609,Gja1,1,0,0,1,1
14617,Gjd2,0,0,0,1,1
14632,Gli1,0,0,0,1,1
14633,Gli2,1,0,0,1,1
14634,Gli3,1,0,0,1,0
14645,Glul,1,0,0,1,0
14652,Glp1r,0,0,0,1,1
14654,Glra1,0,0,0,1,1
14657,Glra4,0,0,0,1,1
14658,Glrb,0,0,0,1,1
14660,Gls,1,0,0,1,0
14696,Gnb4,0,1,0,1,0
14714,Gnrh1,0,0,0,1,1
14726,Pdpn,1,0,0,1,1
14734,Gpc3,0,0,0,1,1
14763,Gpr37,0,1,0,1,1
14766,Gpr56,1,0,0,1,0
14772,Grk4,0,0,0,1,1
14775,Gpx1,0,1,0,1,1
14778,Gpx3,0,0,0,1,1
14797,Aes,0,0,0,1,1
14799,Gria1,0,0,1,1,1
14800,Gria2,0,0,1,1,1
14802,Gria4,0,1,1,1,1
14803,Grid1,0,0,0,1,1
14804,Grid2,1,0,0,1,1
14805,Grik1,0,0,1,1,1
14806,Grik2,0,0,0,1,1
14807,Grik3,0,0,0,1,1
14809,Grik5,0,1,0,1,1
14810,Grin1,0,0,1,1,1
14811,Grin2a,0,0,0,1,1
14812,Grin2b,0,0,0,1,1
14813,Grin2c,1,0,0,1,0
14814,Grin2d,0,0,0,1,1
14815,Nr3c1,1,0,0,1,1
14816,Grm1,0,0,0,1,1
14823,Grm8,0,0,1,1,1
14836,Gsc,0,0,0,1,1
14842,Gsx1,0,0,0,1,1
14843,Gsx2,0,0,0,1,0
14912,Nkx6-2,0,1,0,1,1
15110,Hand1,0,0,0,1,1
15114,Hap1,0,0,1,1,1
15130,Hbb-b2,0,0,0,1,1
15165,Hcn1,0,0,1,1,1
15171,Hcrt,0,0,0,1,1
15182,Hdac2,0,0,0,1,1
15184,Hdac5,0,1,0,1,1
15185,Hdac6,0,0,0,1,1
15186,Hdc,0,0,0,1,1
15200,Hbegf,1,0,0,1,1
15205,Hes1,1,0,0,1,1
15206,Hes2,0,0,0,1,1
15207,Hes3,0,0,0,1,1
15208,Hes5,1,0,0,1,1
15209,Hesx1,0,0,0,1,1
15213,Hey1,1,0,0,1,1
15214,Hey2,1,0,0,1,1
15216,Hfe,0,0,0,1,1
15218,Foxn1,0,0,0,1,1
15221,Foxd3,0,0,0,1,1
15223,Foxj1,0,0,0,1,1
15227,Foxf1,0,0,0,1,1
15228,Foxg1,1,0,1,1,1
15229,Foxd1,0,0,0,1,0
15235,Mst1,0,0,0,1,1
15242,Hhex,0,0,0,1,1
15245,Hhip,0,1,0,1,1
15251,Hif1a,0,0,0,1,1
15273,Hivep2,0,0,1,1,1
15278,Tfb2m,0,0,0,1,1
15284,Hlx,0,0,0,1,0
15285,Mnx1,0,0,0,1,1
15289,Hmgb1,1,0,0,1,1
15312,Hmgn1,1,0,0,1,1
15331,Hmgn2,0,0,0,1,1
15353,Hmg20b,1,0,0,1,0
15354,Hmgb3,0,0,0,1,1
15364,Hmga2,0,0,0,1,1
15370,Nr4a1,1,0,0,1,1
15371,Hmx1,0,0,0,1,1
15373,Hmx3,0,0,0,1,1
15375,Foxa1,0,0,0,1,1
15376,Foxa2,0,0,0,1,0
15377,Foxa3,0,0,0,1,1
15378,Hnf4a,0,0,0,1,1
15379,Onecut1,0,0,0,1,0
15384,Hnrnpab,0,0,0,1,1
15394,Hoxa1,0,0,0,1,1
15395,Hoxa10,0,0,0,1,1
15396,Hoxa11,0,0,0,1,1
15398,Hoxa13,0,0,0,1,0
15399,Hoxa2,0,0,0,1,0
15400,Hoxa3,0,0,0,1,0
15401,Hoxa4,0,0,0,1,0
15403,Hoxa6,0,0,0,1,1
15405,Hoxa9,0,0,0,1,1
15407,Hoxb1,0,0,0,1,1
15408,Hoxb13,0,0,0,1,1
15410,Hoxb3,0,0,0,1,1
15412,Hoxb4,0,0,0,1,1
15413,Hoxb5,0,0,0,1,1
15414,Hoxb6,0,0,0,1,1
15415,Hoxb7,0,0,0,1,1
15416,Hoxb8,0,0,0,1,1
15417,Hoxb9,0,0,0,1,1
15422,Hoxc13,0,0,0,1,1
15423,Hoxc4,0,0,0,1,1
15424,Hoxc5,0,0,0,1,1
15425,Hoxc6,0,0,0,1,1
15426,Hoxc8,0,0,0,1,1
15427,Hoxc9,0,0,0,1,1
15429,Hoxd1,0,0,0,1,0
15430,Hoxd10,0,0,0,1,1
15433,Hoxd13,0,0,0,1,1
15434,Hoxd3,0,0,0,1,0
15436,Hoxd4,0,0,0,1,1
15437,Hoxd8,0,0,0,1,1
15460,Hr,0,1,0,1,1
15465,Hrh1,1,0,0,1,1
15483,Hsd11b1,1,0,0,1,1
15499,Hsf1,0,0,0,1,0
15510,Hspd1,0,0,0,1,1
15550,Htr1a,0,0,0,1,1
15551,Htr1b,0,0,1,1,1
15552,Htr1d,0,0,0,1,1
15557,Htr1f,0,0,0,1,1
15559,Htr2b,0,0,0,1,1
15560,Htr2c,0,0,1,1,1
15561,Htr3a,0,0,1,1,1
15562,Htr4,0,0,0,1,1
15563,Htr5a,0,0,1,1,1
15564,Htr5b,0,0,0,1,1
15565,Htr6,0,0,0,1,1
15566,Htr7,0,0,1,1,1
15567,Slc6a4,0,0,0,1,1
15896,Icam2,0,0,0,1,1
15898,Icam5,0,0,1,1,1
15901,Id1,1,0,0,1,1
15902,Id2,1,0,0,1,1
15903,Id3,1,0,0,1,1
15904,Id4,1,0,0,1,1
15959,Ifit3,0,0,0,1,1
16000,Igf1,0,0,1,1,1
16001,Igf1r,0,0,0,1,1
16002,Igf2,0,0,0,1,1
16006,Igfbp1,0,0,0,1,1
16007,Cyr61,1,0,0,1,1
16008,Igfbp2,1,0,0,1,1
16009,Igfbp3,0,0,0,1,1
16010,Igfbp4,0,0,0,1,0
16011,Igfbp5,1,0,0,1,1
16012,Igfbp6,0,0,0,1,1
16164,Il13ra1,1,0,0,1,1
16170,Il16,0,0,0,1,1
16177,Il1r1,0,0,0,1,1
16195,Il6st,1,0,0,1,1
16322,Inha,0,0,1,1,1
16323,Inhba,0,0,0,1,1
16324,Inhbb,1,0,0,1,1
16325,Inhbc,0,0,0,1,1
16326,Inhbe,0,0,0,1,1
16329,Inpp1,0,0,1,1,1
16337,Insr,1,0,0,1,1
16348,Invs,1,0,0,1,1
16362,Irf1,1,0,0,1,1
16363,Irf2,0,0,0,1,0
16370,Irs4,0,0,1,1,1
16371,Irx1,0,1,0,1,1
16372,Irx2,0,0,0,1,1
16373,Irx3,0,0,0,1,1
16400,Itga3,0,0,1,1,1
16401,Itga4,0,0,0,1,1
16409,Itgam,0,0,0,1,1
16410,Itgav,1,0,0,1,1
16412,Itgb1,0,1,0,1,1
16416,Itgb3,0,0,0,1,1
16423,Cd47,0,1,0,1,1
16426,Itih3,1,0,0,1,1
16429,Itln1,0,0,0,1,1
16438,Itpr1,0,0,1,1,1
16443,Itsn1,1,0,1,1,1
16449,Jag1,0,0,0,1,0
16450,Jag2,0,0,0,1,1
16469,Jrk,0,0,0,1,1
16476,Jun,1,0,0,1,1
16478,Jund,0,0,0,1,1
16485,Kcna1,0,1,0,1,1
16490,Kcna2,0,0,0,1,1
16497,Kcnab1,0,0,1,1,1
16499,Kcnab3,0,0,0,1,1
16504,Kcnc3,0,0,0,1,1
16508,Kcnd2,0,0,1,1,1
16515,Kcnj12,0,0,0,1,1
16522,Kcnj6,0,0,0,1,1
16526,Kcnk2,1,0,0,1,1
16542,Kdr,0,0,0,1,1
16574,Kif5c,0,0,1,1,1
16590,Kit,0,0,1,1,1
16598,Klf2,1,0,0,1,1
16600,Klf4,1,0,0,1,1
16656,Hivep3,1,0,1,1,1
16658,Mafb,0,0,0,1,1
16728,L1cam,0,0,1,1,1
16764,Aff3,0,0,1,1,1
16772,Lama1,0,0,0,1,1
16774,Lama3,0,0,0,1,1
16777,Lamb1,0,0,0,1,0
16780,Lamb3,0,0,0,1,0
16795,Large,0,0,0,1,1
16814,Lbx1,0,0,0,1,0
16815,Lbx2,0,0,0,1,1
16825,Ldb1,0,0,0,1,1
16826,Ldb2,0,0,1,1,1
16842,Lef1,0,0,0,1,0
16847,Lepr,0,0,0,1,1
16848,Lfng,1,0,0,1,1
16852,Lgals1,1,0,0,1,1
16869,Lhx1,0,0,0,1,1
16870,Lhx2,1,0,0,1,1
16871,Lhx3,0,0,0,1,1
16872,Lhx4,0,0,0,1,1
16873,Lhx5,0,0,0,1,0
16874,Lhx6,0,0,0,1,1
16875,Lhx8,0,0,0,1,1
16876,Lhx9,0,0,1,1,1
16880,Lifr,0,0,0,1,1
16885,Limk1,0,0,0,1,1
16909,Lmo2,0,0,0,1,1
16911,Lmo4,0,0,1,1,1
16917,Lmx1b,0,0,0,1,1
16918,Mycl,0,0,0,1,1
16949,Loxl1,1,0,0,1,1
16956,Lpl,0,0,1,1,1
16970,Lrmp,0,0,0,1,1
16971,Lrp1,1,0,0,1,1
16973,Lrp5,0,0,0,1,1
16974,Lrp6,0,0,0,1,1
16975,Lrp8,1,0,0,1,1
16981,Lrrn3,0,0,0,1,1
17005,Ltk,0,0,0,1,1
17035,Lxn,1,0,0,1,1
170460,Stard5,1,0,0,1,1
170483,Grin3b,0,0,0,1,1
170571,Cntnap4,0,0,1,1,1
170676,Peg10,0,0,0,1,1
170677,Cdhr1,0,0,0,1,1
170736,Parvb,0,1,0,1,1
170738,Kcnh7,0,0,0,1,0
170745,Xpnpep2,0,0,0,1,1
170758,Rac3,0,0,1,1,1
170772,Glcci1,0,1,1,1,1
17095,Lyl1,0,0,0,1,1
17105,Lyz2,0,0,0,1,1
171171,Ntng2,0,0,0,1,1
17119,Mxd1,0,1,0,1,1
17122,Mxd4,1,0,0,1,0
17125,Smad1,0,0,0,1,1
17126,Smad2,0,0,0,1,1
17127,Smad3,0,0,0,1,1
17128,Smad4,1,0,0,1,1
17129,Smad5,1,0,0,1,1
17130,Smad6,0,0,0,1,1
17131,Smad7,0,1,0,1,1
17132,Maf,0,0,1,1,1
17134,Mafg,0,0,0,1,1
17135,Mafk,0,0,0,1,1
171469,Gpr37l1,1,0,0,1,1
17161,Maoa,1,0,0,1,1
17172,Ascl1,0,0,0,1,0
17173,Ascl2,0,0,0,1,1
17187,Max,0,0,1,1,0
17188,Maz,0,0,0,1,1
17196,Mbp,0,1,0,1,1
17201,Mc3r,0,0,0,1,1
17202,Mc4r,0,0,0,1,1
17250,Abcc1,0,1,0,1,1
17258,Mef2a,0,0,1,1,1
17260,Mef2c,0,0,1,1,1
17261,Mef2d,1,0,1,1,1
17268,Meis1,1,1,0,1,0
17285,Meox1,0,0,0,1,0
17286,Meox2,0,0,0,1,1
17289,Mertk,1,0,0,1,1
17293,Mesp2,0,0,0,1,1
17294,Mest,1,0,0,1,1
17295,Met,0,0,0,1,1
17300,Foxc1,0,0,0,1,1
17304,Mfge8,1,0,0,1,1
17311,Kitl,0,0,1,1,1
17318,Mid1,1,0,0,1,1
17341,Bhlha15,0,0,0,1,1
17342,Mitf,0,1,0,1,0
17357,Marcksl1,0,1,0,1,1
17395,Mmp9,0,0,0,1,1
17425,Foxk1,0,1,0,1,1
17428,Mnt,0,0,0,1,1
17433,Mobp,0,1,0,1,1
17441,Mog,0,1,0,1,1
17448,Mdh2,0,0,0,1,1
17476,Mpeg1,0,1,0,1,1
17536,Meis2,0,0,0,1,1
17537,Meis3,0,0,0,1,1
17681,Msc,0,0,1,1,1
17684,Cited2,0,0,1,1,1
17700,Mstn,0,0,0,1,1
17701,Msx1,1,0,0,1,1
17703,Msx3,0,0,0,1,1
17756,Map2,0,0,0,1,1
17764,Mtf1,0,1,0,1,0
17765,Mtf2,0,0,0,1,1
17859,Mxi1,1,0,0,1,1
17863,Myb,0,0,0,1,1
17864,Mybl1,0,0,0,1,1
17865,Mybl2,0,0,0,1,1
17869,Myc,1,0,0,1,1
17870,Mycs,0,0,0,1,1
17878,Myf6,0,0,0,1,0
17886,Myh9,0,0,0,1,1
17926,Myoc,1,0,0,1,1
17928,Myog,0,0,0,1,1
17932,Myt1,0,1,0,1,1
17933,Myt1l,0,0,1,1,1
17936,Nab1,0,0,0,1,1
17967,Ncam1,1,1,1,1,1
17968,Ncam2,0,1,0,1,1
17974,Nck2,0,0,1,1,1
17977,Ncoa1,1,0,0,1,1
17978,Ncoa2,0,1,0,1,1
17979,Ncoa3,0,1,0,1,1
18007,Neo1,1,0,0,1,1
18008,Nes,0,0,0,1,1
18012,Neurod1,0,0,1,1,1
18013,Neurod2,0,0,0,1,0
18014,Neurog1,0,0,0,1,1
18015,Nf1,0,0,0,1,1
18019,Nfatc2,0,0,1,1,0
18021,Nfatc3,0,1,0,1,1
18022,Nfe2,0,0,0,1,1
18023,Nfe2l1,0,0,0,1,1
18024,Nfe2l2,1,0,0,1,1
18025,Nfe2l3,0,1,0,1,1
18027,Nfia,1,0,0,1,1
18028,Nfib,1,0,0,1,1
18029,Nfic,1,0,0,1,1
18030,Nfil3,0,1,0,1,1
18032,Nfix,1,0,0,1,1
18033,Nfkb1,0,0,0,1,1
18035,Nfkbia,1,0,0,1,1
18037,Nfkbie,0,1,0,1,1
18044,Nfya,0,0,0,1,1
18045,Nfyb,0,0,1,1,1
18046,Nfyc,0,0,0,1,1
18049,Ngf,0,0,0,1,1
18053,Ngfr,0,0,0,1,1
18071,Nhlh1,0,0,0,1,1
18072,Nhlh2,0,0,1,1,1
18089,Nkx2-3,0,0,0,1,0
18092,Nkx2-6,0,0,0,1,1
18094,Nkx2-9,0,0,0,1,1
18095,Nkx3-1,0,0,0,1,1
18099,Nlk,0,1,0,1,1
18101,Nmbr,0,0,0,1,1
18109,Mycn,0,0,1,1,1
18111,Nnat,0,0,0,1,1
18119,Nodal,0,0,0,1,1
18121,Nog,0,0,0,1,1
18124,Nr4a3,0,0,1,1,1
18125,Nos1,0,0,1,1,1
18127,Nos3,0,0,0,1,1
18128,Notch1,1,0,0,1,1
18129,Notch2,1,0,0,1,1
18131,Notch3,1,0,0,1,1
18132,Notch4,0,0,0,1,1
18133,Nov,0,0,1,1,1
18142,Npas1,0,0,0,1,1
18143,Npas2,0,0,0,1,1
18155,Pnoc,0,0,1,1,1
18166,Npy1r,0,0,1,1,1
18167,Npy2r,0,0,1,1,1
18168,Npy5r,0,0,1,1,1
18171,Nr1i2,0,0,0,1,1
18183,Nrg3,0,0,1,1,1
18185,Nrl,0,0,0,1,1
18186,Nrp1,1,0,0,1,1
18188,Nrtn,0,0,0,1,1
18189,Nrxn1,1,1,0,1,1
18193,Nsd1,0,1,0,1,1
18198,Musk,0,0,0,1,1
18205,Ntf3,0,0,1,1,1
18208,Ntn1,0,0,0,1,1
18209,Ntn3,0,0,0,1,1
18211,Ntrk1,0,0,0,1,1
18212,Ntrk2,1,0,1,1,1
18213,Ntrk3,1,0,0,1,1
18214,Ddr2,1,0,0,1,1
18216,Ntsr1,0,0,1,1,0
18217,Ntsr2,1,0,0,1,1
18222,Numb,1,0,0,1,1
18223,Numbl,0,0,0,1,0
18227,Nr4a2,0,0,1,1,1
18291,Nobox,0,0,0,1,1
18292,Sebox,0,0,0,1,1
18386,Oprd1,0,0,0,1,1
18387,Oprk1,0,0,0,1,1
18390,Oprm1,0,0,0,1,1
18417,Cldn11,0,1,0,1,1
18420,Otp,0,0,0,1,1
18423,Otx1,1,0,0,1,1
18424,Otx2,1,0,0,1,1
18429,Oxt,0,0,0,1,1
18430,Oxtr,0,0,1,1,1
18432,Mybbp1a,0,0,0,1,1
18438,P2rx4,0,1,0,1,1
18439,P2rx7,1,0,0,1,1
18457,Bloc1s6,0,0,0,1,1
18472,Pafah1b1,0,1,0,1,1
18478,Pah,0,0,0,1,1
18479,Pak1,0,1,0,1,1
18488,Cntn3,0,1,1,1,1
18503,Pax1,0,0,0,1,1
18504,Pax2,0,0,0,1,1
18505,Pax3,0,0,0,1,1
18506,Pax4,0,0,0,1,0
18507,Pax5,0,0,0,1,1
18508,Pax6,1,0,0,1,1
18509,Pax7,0,0,0,1,1
18510,Pax8,0,0,0,1,1
18511,Pax9,0,0,0,1,1
18514,Pbx1,1,0,0,1,0
18515,Pbx2,0,0,1,1,1
18516,Pbx3,0,0,0,1,1
18526,Pcdh10,1,0,0,1,1
18541,Pcnt,0,0,0,1,1
18545,Pcp2,0,1,0,1,1
18546,Pcp4,0,0,1,1,1
18549,Pcsk2,0,0,1,1,1
18573,Pde1a,0,0,1,1,1
18575,Pde1c,0,1,0,1,1
18590,Pdgfa,0,1,0,1,1
18591,Pdgfb,0,0,1,1,0
18595,Pdgfra,0,1,0,1,1
18596,Pdgfrb,1,0,0,1,1
18609,Pdx1,0,0,0,1,1
18610,Pdyn,0,0,0,1,1
18612,Etv4,1,0,0,1,1
18619,Penk,0,0,0,1,1
18626,Per1,1,0,0,1,1
18627,Per2,1,0,0,1,1
18685,Phtf1,0,0,0,1,1
18708,Pik3r1,0,0,0,1,1
18736,Pou1f1,0,0,0,1,1
18740,Pitx1,0,0,0,1,1
18741,Pitx2,0,0,0,1,1
18742,Pitx3,0,0,0,1,0
18747,Prkaca,0,0,0,1,1
18751,Prkcb,0,0,0,1,1
18753,Prkcd,1,0,0,1,1
18763,Pkd1,1,0,0,1,1
18771,Pknox1,0,0,0,1,1
18798,Plcb4,0,0,1,1,0
18799,Plcd1,1,0,0,1,1
18803,Plcg1,1,0,0,1,0
18823,Plp1,0,1,0,1,1
18844,Plxna1,0,0,1,1,1
18845,Plxna2,0,0,1,1,1
18846,Plxna3,0,0,0,1,1
18854,Pml,0,0,0,1,1
18933,Prrx1,1,0,0,1,1
18935,Phox2b,0,0,0,1,1
18949,Pnn,0,0,0,1,1
18976,Pomc,0,0,0,1,1
18985,Pou2af1,0,0,0,1,0
18986,Pou2f1,1,0,0,1,1
18987,Pou2f2,0,0,0,1,1
18988,Pou2f3,0,0,0,1,1
18991,Pou3f1,0,1,0,1,1
18992,Pou3f2,1,0,0,1,1
18993,Pou3f3,1,0,0,1,1
18994,Pou3f4,1,0,0,1,1
18996,Pou4f1,0,0,0,1,1
18997,Pou4f2,0,0,0,1,1
18998,Pou4f3,0,0,0,1,1
18999,Pou5f1,0,0,0,1,1
19009,Pou6f1,0,0,0,1,1
19013,Ppara,1,0,0,1,1
19015,Ppard,0,1,0,1,1
19016,Pparg,0,0,0,1,1
19017,Ppargc1a,1,0,0,1,1
19049,Ppp1r1b,0,0,1,1,1
19055,Ppp3ca,0,0,1,1,1
19059,Ppp3r2,1,0,0,1,0
19116,Prlr,0,0,0,1,1
19122,Prnp,1,0,0,1,1
19126,Prom1,0,1,0,1,1
19127,Prop1,0,0,0,1,1
19128,Pros1,1,0,0,1,1
19130,Prox1,0,1,0,1,1
19132,Prph,0,0,0,1,1
19141,Lgmn,0,0,0,1,1
19142,Prss12,0,0,1,1,0
19164,Psen1,0,0,0,1,1
19165,Psen2,0,0,0,1,1
19197,Pspn,0,0,0,1,1
19202,Rhox6,0,0,0,1,1
19206,Ptch1,1,0,0,1,1
19211,Pten,1,0,1,1,1
19213,Ptf1a,0,0,0,1,1
19215,Ptgds,0,0,0,1,1
192198,Lrrc4,0,0,0,1,1
192199,Rspo1,1,0,0,1,1
19225,Ptgs2,0,0,0,1,1
19227,Pthlh,0,0,1,1,1
19264,Ptprc,0,0,0,1,1
19272,Ptprk,0,0,1,1,1
19273,Ptpru,0,0,0,1,1
19283,Ptprz1,1,0,0,1,1
19293,Pvalb,0,0,0,1,1
19294,Pvrl2,0,0,0,1,1
193034,Trpv1,0,0,0,1,1
19339,Rab3a,0,0,1,1,1
19353,Rac1,0,1,0,1,1
19377,Rai1,0,0,0,1,1
19378,Aldh1a2,0,0,0,1,1
19401,Rara,0,0,0,1,1
19411,Rarg,0,0,0,1,1
19417,Rasgrf1,0,0,1,1,1
19418,Rasgrf2,0,0,0,1,1
19434,Rax,0,0,0,1,1
194738,Rhox11,0,0,0,1,1
194856,Rhox4e,0,0,0,1,1
195333,Gsc2,0,0,0,1,1
195733,Grhl1,1,0,0,1,1
19645,Rb1,1,0,0,1,1
19649,Robo3,0,0,0,1,1
19664,Rbpj,0,0,0,1,1
19672,Rcn1,0,0,0,1,1
19697,Rela,0,0,0,1,1
19699,Reln,0,0,1,1,1
19708,Dpf2,0,0,0,1,1
19712,Rest,0,0,0,1,1
19713,Ret,0,0,0,1,1
19725,Rfx2,0,0,0,1,1
19736,Rgs4,0,0,1,1,1
19744,Rheb,0,0,0,1,1
19773,Rln1,0,0,0,1,1
19876,Robo1,0,0,0,1,1
19878,Rock2,0,0,0,1,1
19882,Mst1r,0,0,0,1,1
19883,Rora,1,0,0,1,1
19885,Rorc,0,0,0,1,1
20018,Polr1d,0,0,0,1,1
20042,Rps12,0,1,0,1,1
20102,Rps4x,0,0,0,1,1
20181,Rxra,1,0,0,1,1
20182,Rxrb,0,0,0,1,1
20183,Rxrg,0,0,1,1,1
20185,Ncor1,1,1,0,1,1
20186,Nr1h4,0,0,0,1,1
20187,Ryk,1,0,0,1,1
20194,S100a10,0,0,1,1,1
20203,S100b,0,1,0,1,1
20204,Prrx2,1,0,0,1,1
20230,Satb1,0,0,0,1,1
20231,Nkx1-2,0,0,0,1,1
20238,Atxn1,0,0,1,1,1
20254,Scg2,0,0,1,1,1
20255,Scg3,1,0,0,1,1
20264,Scn10a,0,0,0,1,1
20265,Scn1a,0,0,1,1,1
20271,Scn5a,0,0,0,1,1
20276,Scnn1a,0,0,0,1,1
20287,Sct,0,0,0,1,1
20312,Cx3cl1,0,0,1,1,1
20315,Cxcl12,0,1,1,1,1
20319,Sfrp2,0,0,0,1,1
20338,Sel1l,0,1,0,1,1
20345,Selplg,0,0,0,1,1
20346,Sema3a,0,0,1,1,1
20347,Sema3b,0,0,0,1,1
20348,Sema3c,0,0,1,1,1
20349,Sema3e,0,1,1,1,1
20350,Sema3f,0,0,0,1,1
20351,Sema4a,1,0,0,1,1
20353,Sema4c,0,1,0,1,1
20354,Sema4d,0,1,0,1,1
20355,Sema4f,0,1,0,1,1
20356,Sema5a,0,1,0,1,1
20357,Sema5b,0,0,0,1,0
20358,Sema6a,0,1,0,1,1
20359,Sema6b,0,0,0,1,0
20360,Sema6c,0,0,0,1,1
20361,Sema7a,0,0,0,1,1
20363,Sepp1,1,0,0,1,1
20371,Foxp3,0,0,0,1,1
20375,Spi1,0,0,0,1,0
20377,Sfrp1,1,0,0,1,0
20378,Frzb,0,0,0,1,1
20379,Sfrp4,0,0,1,1,1
20393,Sgk1,0,0,0,1,1
20394,Scg5,0,0,1,1,1
20409,Ostf1,0,1,0,1,1
20411,Sorbs1,1,0,0,1,1
20415,Shbg,0,0,0,1,1
20416,Shc1,0,0,0,1,0
20423,Shh,0,0,0,1,1
20429,Shox2,0,0,0,1,1
20464,Sim1,0,0,0,1,0
20465,Sim2,0,0,0,1,1
20471,Six1,0,0,0,1,1
20472,Six2,0,0,0,1,0
20473,Six3,0,0,0,1,0
20474,Six4,0,0,0,1,1
20475,Six5,0,0,0,1,1
20476,Six6,0,0,0,1,1
20496,Slc12a2,0,1,0,1,1
20502,Slc16a2,0,0,0,1,1
20508,Slc18a3,0,0,0,1,1
20510,Slc1a1,0,1,0,1,1
20511,Slc1a2,1,0,0,1,1
20512,Slc1a3,1,0,0,1,1
20513,Slc1a6,0,0,1,1,1
20525,Slc2a1,0,0,0,1,1
20537,Slc5a1,0,0,0,1,1
20538,Slc6a2,0,0,0,1,0
20562,Slit1,0,0,1,1,1
20563,Slit2,0,0,0,1,1
20564,Slit3,0,0,1,1,1
20586,Smarca4,0,0,0,1,1
20602,Ncor2,0,1,0,1,1
20604,Sst,0,0,1,1,1
20605,Sstr1,0,0,0,1,1
20606,Sstr2,0,0,1,1,1
20607,Sstr3,0,0,1,1,1
20608,Sstr4,0,0,1,1,1
20617,Snca,0,0,1,1,1
20618,Sncg,0,0,0,1,1
20649,Sntb1,0,0,0,1,1
20660,Sorl1,1,0,0,1,1
20661,Sort1,0,0,0,1,1
20665,Sox10,0,1,0,1,1
20666,Sox11,0,1,0,1,1
20667,Sox12,0,0,0,1,1
20668,Sox13,0,0,0,1,1
20669,Sox14,0,0,0,1,1
20670,Sox15,0,0,0,1,0
20671,Sox17,0,0,0,1,1
20672,Sox18,0,0,0,1,1
20674,Sox2,1,0,0,1,1
20677,Sox4,0,0,0,1,1
20678,Sox5,1,0,0,1,1
20679,Sox6,0,1,0,1,1
20681,Sox8,0,1,0,1,1
20682,Sox9,1,0,0,1,1
20687,Sp3,0,0,0,1,1
20689,Sall3,1,0,0,1,1
20692,Sparc,1,0,0,1,0
20714,Serpina3k,0,0,0,1,1
207165,Bptf,0,0,0,1,1
20728,Spic,0,0,0,1,1
20733,Spint2,0,0,1,1,1
20750,Spp1,0,0,0,1,1
207521,Dtx4,0,0,0,1,1
207667,Skor1,0,0,0,1,1
20778,Scarb1,0,0,0,1,1
20787,Srebf1,1,0,0,1,1
20788,Srebf2,1,0,0,1,1
207911,Mchr1,0,0,0,1,1
20807,Srf,0,0,0,1,1
208076,Pknox2,0,0,0,1,1
208104,Mlxip,0,0,0,1,1
208117,Aph1b,1,0,0,1,1
20817,Srpk2,0,0,1,1,1
208188,Ghsr,0,0,0,1,1
20833,Ssrp1,0,0,0,1,1
208439,Klhl29,0,0,1,1,0
20846,Stat1,0,1,0,1,1
20848,Stat3,1,0,0,1,1
20849,Stat4,0,0,0,1,1
20850,Stat5a,1,0,0,1,1
20851,Stat5b,1,0,0,1,1
208647,Creb3l2,0,1,0,1,1
208677,Creb3l3,0,0,0,1,1
208846,Daam1,0,1,0,1,1
20890,Wnt8a,0,0,0,1,0
20893,Bhlhe40,0,0,0,1,1
20908,Stx3,0,0,1,1,1
20924,Supt5,0,0,0,1,1
209446,Tfe3,0,0,0,1,1
209448,Hoxc10,0,0,0,1,1
20964,Syn1,0,0,1,1,1
209776,Gpr139,0,0,0,1,1
20979,Syt1,0,0,1,1,1
210044,Adcy2,1,0,0,1,1
210719,Mkx,0,0,1,1,1
210801,Unc5d,0,0,1,1,1
211134,Lzts1,0,0,0,1,0
211151,Churc1,0,1,0,1,1
211323,Nrg1,0,0,0,1,1
211586,Tfdp2,0,1,0,1,1
211924,Dsg1c,0,0,0,1,1
212108,Rln3,0,0,0,1,1
212391,Lcor,0,1,0,1,1
212398,Frat2,0,0,1,1,1
212531,Sh3bgrl2,0,0,0,1,1
212647,Aldh4a1,1,0,0,1,1
212712,Satb2,0,0,1,1,1
21333,Tac1,0,0,1,1,1
21334,Tac2,0,0,1,1,1
21336,Tacr1,0,0,0,1,1
21337,Tacr2,0,0,0,1,1
21338,Tacr3,0,0,1,1,1
21346,Tagln2,0,0,0,1,1
213469,Lgi3,0,1,0,1,1
21349,Tal1,0,0,0,1,1
21350,Tal2,0,0,0,1,0
21367,Cntn2,0,1,0,1,1
21375,Tbr1,0,0,1,1,1
213783,Plekhg1,0,1,0,1,1
213788,Chrm5,0,0,0,1,1
21384,Tbx15,0,0,0,1,1
21405,Hnf1a,0,0,0,1,1
21406,Tcf12,0,1,0,1,1
21407,Tcf15,0,0,0,1,1
214084,Slc18a2,0,0,0,1,1
21410,Hnf1b,0,0,0,1,1
214105,Sox30,0,0,0,1,1
21411,Tcf20,0,0,1,1,1
21412,Tcf21,0,0,0,1,1
21413,Tcf4,1,0,0,1,1
21414,Tcf7,0,0,0,1,1
21415,Tcf7l1,0,0,0,1,1
21416,Tcf7l2,0,1,0,1,1
21418,Tfap2a,0,0,0,1,1
21419,Tfap2b,0,0,0,1,1
21420,Tfap2c,0,0,0,1,1
21422,Tfcp2,0,0,0,1,1
21423,Tcf3,1,0,0,1,1
21425,Tfeb,0,0,0,1,1
21426,Tfec,0,0,0,1,1
21428,Mlx,0,0,0,1,1
21429,Ubtf,0,0,0,1,1
214897,Csnk1g1,0,0,1,1,1
214968,Sema6d,1,0,0,1,1
215654,Cdh12,0,0,0,1,1
216227,Slc17a8,0,0,0,1,1
216285,Alx1,0,0,0,1,1
216343,Tph2,1,0,0,1,1
216456,Gls2,0,0,0,1,1
216616,Efemp1,1,0,0,1,1
21667,Tdgf1,0,0,0,1,1
21674,Sry,0,0,0,1,1
21676,Tead1,0,0,0,1,1
21677,Tead2,1,0,0,1,1
21678,Tead3,0,0,0,1,1
216795,Wnt9a,0,0,1,1,1
21685,Tef,1,0,0,1,1
216851,Dnahc2,1,0,0,1,1
21687,Tek,0,0,0,1,1
216874,Camta2,0,0,1,1,1
217011,Nle1,0,0,0,1,1
217082,Hlf,1,0,0,1,1
217127,Kat7,0,0,0,1,1
217166,Nr1d1,1,0,0,1,1
217212,Pyy,0,0,0,1,1
217410,Trib2,1,0,0,1,1
217517,Stxbp6,0,1,0,1,1
21752,Tert,0,0,0,1,1
21780,Tfam,0,0,0,1,1
21781,Tfdp1,0,1,0,1,1
217944,Rapgef5,0,1,0,1,1
217946,Cdca7l,0,0,0,1,1
217951,Tmem196,0,0,0,1,1
21802,Tgfa,0,1,0,1,0
21803,Tgfb1,0,0,0,1,1
218030,Pou6f2,0,0,0,1,1
21807,Tsc22d1,0,0,0,1,1
21808,Tgfb2,1,0,0,1,1
21809,Tgfb3,1,0,0,1,1
21812,Tgfbr1,0,1,0,1,1
21813,Tgfbr2,0,0,0,1,0
21814,Tgfbr3,0,0,0,1,1
21815,Tgif1,0,0,0,1,1
21816,Tgm1,0,0,0,1,1
21823,Th,0,0,1,1,1
21827,Thbs3,0,1,0,1,1
21833,Thra,0,0,0,1,1
21834,Thrb,0,0,0,1,1
21844,Tiam1,0,0,1,1,1
21846,Tie1,0,0,0,1,1
21848,Trim24,0,1,0,1,1
21849,Trim28,0,0,0,1,1
218490,Btf3,0,0,0,1,1
21869,Nkx2-1,0,0,0,1,0
218772,Rarb,0,0,1,1,1
21885,Tle1,1,0,0,1,1
21887,Tle3,0,0,0,1,1
21888,Tle4,0,0,0,1,1
21907,Nr2e1,1,0,0,1,1
21908,Tlx1,0,0,0,1,1
21909,Tlx2,0,0,0,1,1
219150,Hmbox1,0,1,0,1,1
219151,Scara3,1,0,0,1,1
21923,Tnc,1,0,0,1,1
21924,Tnnc1,0,0,1,1,1
219257,Pcdh20,1,0,0,1,1
21955,Tnnt1,0,0,0,1,1
21969,Top1,1,0,0,1,1
21987,Tpd52l1,0,0,0,1,1
21990,Tph1,0,0,0,1,1
22025,Nr2c1,0,1,0,1,1
22026,Nr2c2,0,0,0,1,1
22041,Trf,0,1,0,1,1
22044,Trh,0,0,0,1,1
22045,Trhr,0,0,1,1,1
22059,Trp53,0,0,0,1,1
22061,Trp63,1,0,0,1,1
22062,Trp73,0,0,0,1,1
22066,Trpc4,0,0,1,1,1
22067,Trpc5,0,0,1,1,1
22068,Trpc6,0,0,0,1,1
22084,Tsc2,0,0,0,1,1
22139,Ttr,0,0,1,1,1
22152,Tubb3,0,0,1,1,1
22160,Twist1,0,0,0,1,1
22174,Tyro3,0,1,0,1,1
22215,Ube3a,0,0,1,1,1
22226,Ucn,0,0,0,1,1
22253,Unc5c,0,1,0,1,1
22255,Uncx,0,0,0,1,1
22259,Nr1h3,0,0,0,1,1
22260,Nr1h2,0,0,0,1,1
22278,Usf1,0,0,0,1,1
22282,Usf2,0,1,0,1,1
22295,Cdh23,0,0,0,1,0
22317,Vamp1,0,0,0,1,1
22323,Vasp,0,0,0,1,1
22325,Vav2,0,0,1,1,1
22326,Vax1,0,0,0,1,1
223272,Itgbl1,0,0,0,1,1
22337,Vdr,0,0,0,1,1
22339,Vegfa,1,0,0,1,1
22340,Vegfb,1,0,0,1,1
22341,Vegfc,1,0,0,1,1
22348,Slc32a1,0,0,1,1,1
223513,Abra,0,0,0,1,1
22353,Vip,0,0,1,1,1
22354,Vipr1,0,0,0,1,1
22355,Vipr2,0,0,0,1,1
223726,Mpped1,0,0,1,1,1
223753,Cerk,0,0,0,1,1
223843,Dbx2,1,0,0,1,1
22393,Wfs1,0,0,1,1,1
22402,Wisp1,0,0,0,1,1
224024,Scarf2,0,0,0,1,1
22408,Wnt1,0,0,0,1,1
22409,Wnt10a,0,0,0,1,1
22410,Wnt10b,0,0,0,1,1
22411,Wnt11,0,0,0,1,1
22412,Wnt9b,0,0,0,1,1
22413,Wnt2,0,0,0,1,1
22414,Wnt2b,0,0,0,1,1
22415,Wnt3,0,0,0,1,1
22416,Wnt3a,0,0,0,1,1
22417,Wnt4,0,0,1,1,1
22418,Wnt5a,0,0,0,1,1
22419,Wnt5b,0,0,0,1,1
22420,Wnt6,0,0,0,1,1
22421,Wnt7a,1,0,0,1,0
22422,Wnt7b,1,0,0,1,1
22423,Wnt8b,0,0,0,1,1
22433,Xbp1,0,0,0,1,1
225164,Mib1,1,0,0,1,1
225207,Zfp521,1,0,0,1,1
225256,Dsg1b,0,0,0,1,1
225631,Onecut2,0,1,0,1,1
225642,Grp,0,0,1,1,1
225872,Npas4,0,0,1,1,1
225998,Rorb,1,0,0,1,1
226075,Glis3,1,0,0,1,1
22634,Plagl1,1,0,0,1,1
226359,C1ql2,0,0,0,1,1
226438,Igfn1,0,0,0,1,1
226548,Aph1a,1,1,0,1,1
226641,Atf6,0,1,0,1,1
226747,Ahctf1,0,0,0,1,1
22680,Zfp207,0,0,0,1,1
226896,Tfap2d,0,0,0,1,1
22704,Zfp46,0,0,1,1,1
227099,Pms1,0,0,0,1,1
22724,Zbtb7b,0,1,0,1,1
227325,Dner,1,0,0,1,1
227326,Gpr55,0,0,0,1,1
22762,Zfpm2,0,0,0,1,1
22770,Zhx1,1,0,0,1,1
22771,Zic1,0,0,1,1,1
22773,Zic3,0,0,0,1,0
22774,Zic4,0,0,0,1,1
22778,Ikzf1,0,0,0,1,1
228598,Ebf4,0,0,0,1,1
228731,Nkx2-4,0,0,0,1,1
228770,Rspo4,0,0,0,1,1
228839,Tgif2,1,0,0,1,1
228942,Cbln4,0,0,1,1,1
229445,Ctso,1,0,0,1,1
229534,Pbxip1,1,0,0,1,1
229715,Amigo1,1,0,0,1,1
230162,Zfp189,0,0,0,1,1
230700,Foxj3,0,0,1,1,1
230735,Epha10,0,0,0,1,0
230777,Hcrtr1,0,0,1,1,1
230936,Phf13,0,0,1,1,1
231044,Gbx1,0,0,0,1,1
231051,Kmt2c,0,0,0,1,1
231252,Chrna9,0,0,0,1,1
231329,Polr2b,0,0,0,1,1
231440,Parm1,0,0,0,1,0
231633,Tmem119,0,1,0,1,1
231876,Lmtk2,0,0,1,1,1
231986,Jazf1,0,0,1,1,0
232174,Cyp26b1,0,0,1,1,1
232201,Arhgap25,0,0,1,1,1
232333,Slc6a1,1,0,0,1,1
232345,A2m,1,0,0,1,1
233490,Crebzf,0,1,0,1,1
233805,Dcun1d3,0,0,0,1,1
233863,Gtf3c1,0,0,0,1,1
233919,Gpr26,0,0,1,1,1
234199,Fgl1,0,0,0,1,1
234219,Helt,0,0,0,1,1
234366,Gatad2a,0,1,0,1,1
234515,Inpp4b,0,0,1,1,1
234577,Cpne2,1,0,0,1,1
235106,Ntm,0,0,0,1,1
235180,Fez1,0,1,0,1,1
235320,Zbtb16,0,0,0,1,1
235416,Lman1l,0,0,0,1,1
235505,Cd109,0,0,0,1,1
235611,Plxnb1,1,0,0,1,1
235682,Zfp445,0,1,0,1,1
237213,Glra2,0,0,1,1,1
237759,Col23a1,1,0,0,1,1
237761,Sowaha,0,0,0,1,1
237847,Rtn4rl1,0,0,1,1,1
23805,Apc2,0,0,0,1,1
23836,Cdh20,0,0,0,1,1
23849,Klf6,0,0,0,1,1
23850,Pappa2,0,0,1,1,1
23871,Ets1,0,0,0,1,1
23872,Ets2,0,0,1,1,0
23886,Gdf15,1,0,0,1,1
239096,Cdh24,0,0,0,1,1
239099,Homez,0,0,0,1,1
239102,Zfhx2,0,0,0,1,1
23919,Insl5,0,0,0,1,0
23920,Insrr,0,0,0,1,0
239217,Kctd12,0,0,0,1,1
239336,Rxfp3,0,0,0,1,1
23934,Ly6h,0,0,1,1,1
239405,Rspo2,0,0,1,1,1
239546,Zfp647,0,0,0,1,1
23957,Nr0b2,0,0,0,1,1
23958,Nr2e3,0,0,0,1,1
23965,Tenm3,0,0,0,1,1
23984,Pde10a,0,0,1,1,1
24001,Tiam2,0,0,1,1,1
240442,Adnp2,0,0,0,1,0
24052,Sgcd,0,0,0,1,1
240590,Dmrt3,1,0,0,1,1
240690,St18,0,1,0,1,1
24074,Taf7,0,0,0,1,1
24088,Tlr2,0,0,0,1,1
240888,Gpr161,0,0,0,1,1
24113,Vax2,0,0,0,1,1
24117,Wif1,0,0,0,1,1
241201,Cdh7,0,0,1,1,0
24136,Zeb2,1,1,0,1,1
241489,Pde11a,0,0,0,1,0
241764,L3mbtl1,0,0,0,1,0
242022,Frem2,1,0,0,1,1
242202,Pde5a,0,0,0,1,0
242316,Gdf6,0,0,0,1,1
242425,Gabbr2,0,0,0,1,1
242443,Grin3a,1,0,0,1,1
242466,Zfp462,0,0,0,1,0
242705,E2f2,0,0,0,1,0
243328,Slc29a4,0,0,1,1,1
243616,Slc6a11,1,0,0,1,1
243659,Styk1,0,0,0,1,1
243743,Plxna4,0,0,0,1,1
243764,Chrm2,0,0,0,1,1
244579,Tox3,0,0,0,1,1
244667,Disc1,0,0,0,1,1
244668,Sipa1l2,0,0,0,1,1
244864,Layn,0,0,0,1,1
245424,Gpr101,0,0,0,1,1
245578,Pcdh11x,0,0,0,1,1
245583,Tgif2lx1,0,0,0,1,1
245596,Hdx,0,0,0,1,1
245841,Polr2h,0,0,0,1,1
246086,Onecut3,0,0,0,1,0
246316,Lgi2,0,0,1,1,1
246791,Obox3,0,0,0,1,1
252828,Obox4,0,0,0,1,1
252829,Obox5,0,0,0,1,1
252830,Obox6,0,0,0,1,1
252838,Tox,1,0,0,1,1
252973,Grhl2,0,0,0,1,1
26360,Angptl2,0,0,0,1,0
26361,Avpr1b,0,0,0,1,1
26362,Axl,1,0,0,1,1
26379,Esrra,1,0,0,1,1
26380,Esrrb,0,0,0,1,1
26381,Esrrg,0,0,1,1,1
26409,Map3k7,0,1,0,1,1
26414,Mapk10,0,0,1,1,1
26419,Mapk8,0,0,1,1,1
26420,Mapk9,0,0,0,1,1
26423,Nr5a1,0,0,0,1,1
26424,Nr5a2,0,0,0,1,1
26427,Creb3l1,0,0,0,1,1
26456,Sema4g,0,0,0,1,1
26556,Homer1,0,0,1,1,1
26563,Ror1,0,0,0,1,1
26564,Ror2,0,0,0,1,1
26754,Cops5,0,0,0,1,0
268345,Kcnc2,0,0,1,1,1
268510,Mgat5b,0,0,1,1,1
268741,Tox4,0,0,0,1,1
26875,Pclo,0,0,1,1,1
26878,B3galt2,0,0,1,1,1
268860,Abat,1,0,0,1,1
268902,Robo2,0,0,0,1,1
268934,Grm4,0,0,0,1,1
268936,Brpf3,0,0,0,1,1
26910,Figla,0,0,0,1,1
269116,Nfasc,0,1,0,1,1
26920,Cntrl,0,0,0,1,1
269275,Acvr1c,0,0,0,1,1
269389,Tox2,0,0,0,1,1
269397,Ss18l1,0,0,1,1,1
26941,Slc9a3r1,1,0,0,1,1
269437,Plch1,0,0,1,1,1
26949,Vat1,0,1,0,1,1
269994,Gsg1l,0,0,0,1,1
270097,Vat1l,0,0,0,1,1
270120,Fat3,0,0,0,1,1
270190,Ephb1,0,1,0,1,1
27049,Etv3,0,1,0,1,1
27140,Tlx3,0,0,0,1,1
27217,Mixl1,0,0,0,1,1
27220,Cartpt,0,0,1,1,1
272322,Arntl2,0,0,0,1,1
272382,Spib,0,0,0,1,1
27356,Insl6,0,0,0,1,1
27373,Csnk1e,0,0,1,1,1
27386,Npas3,1,0,0,1,1
27412,Peg12,0,0,0,1,1
27681,Snf8,0,0,0,1,1
277353,Tcfl5,0,0,0,1,1
277414,Trp53i11,0,0,1,1,1
278672,Duxbl1,0,0,0,1,1
279653,Pcdh19,0,0,1,1,1
27999,Fam3c,0,0,0,1,1
28015,Polr2m,0,0,0,1,1
280645,B3gat2,0,0,0,1,1
28105,Trim36,0,1,0,1,1
29808,Mga,0,0,0,1,1
29817,Igfbp7,0,0,0,1,1
29861,Dpf1,0,0,0,1,1
30051,Spdef,0,0,0,1,1
30785,Cttnbp2,0,0,1,1,1
30838,Fbxw4,0,0,0,1,1
30937,Lmcd1,1,0,0,1,1
30942,Hnf4g,0,0,0,1,1
30946,Abt1,0,0,0,1,1
30957,Mapk8ip3,0,0,0,1,1
319239,Npsr1,0,0,0,1,1
319448,Fndc3a,0,0,0,1,1
319453,6330581N18Rik,0,0,0,1,1
319478,Cxxc4,0,0,1,1,1
319504,Nrcam,0,0,0,1,1
319582,6430573F11Rik,1,0,0,1,1
319757,Smo,1,0,0,1,1
319914,D630021H01Rik,0,0,0,1,1
319915,A830049F12Rik,0,0,0,1,0
319924,Apba1,0,0,1,1,1
320145,Sp8,0,0,1,1,1
320158,Zmat4,0,0,1,1,1
320202,Lefty2,0,0,1,1,1
320376,Bcorl1,0,0,0,1,1
320399,C230009H10Rik,0,0,0,1,1
320405,Cadps2,0,0,1,1,1
320522,Bhlha9,0,0,0,1,1
320799,Zhx3,1,0,0,1,1
320865,Cdh18,0,0,0,1,1
320873,Cdh10,1,1,0,1,1
320910,Itgb8,1,1,0,1,1
328572,Ep300,0,0,0,1,1
329003,Zfp516,0,1,0,1,1
330450,Far2,0,0,0,1,1
330627,Trim66,0,0,1,1,0
331004,Slc9a9,0,1,0,1,1
332937,Tfap2e,0,0,0,1,1
353187,Nr1d2,1,0,0,1,1
378435,Mafa,0,0,0,1,1
380684,Nefh,0,0,1,1,1
381022,Kmt2d,0,0,0,1,1
381217,Fam189a2,0,0,0,1,1
381359,Prdm12,0,0,0,1,1
381373,Sp9,0,0,0,1,1
381463,Nr1h5,0,0,0,1,1
381489,Rxfp1,0,0,0,1,1
381677,Vgf,0,0,1,1,1
381983,Lmtk3,0,0,0,1,1
382282,Rhox12,0,0,0,1,1
382867,Zfp488,0,0,0,1,1
384670,Gm1441,0,0,0,1,1
385343,Rhox1,0,0,0,1,1
387285,Hcrtr2,0,0,0,1,1
387609,Zhx2,0,0,0,1,1
399548,Scn4b,0,0,1,1,1
432530,Adcy1,0,0,1,1,1
432731,Zscan26,0,0,0,1,1
433022,Plcxd2,0,0,1,1,1
433228,LOC433228,0,0,0,1,0
433436,LOC433436,0,0,0,1,1
434768,Rhox8,0,0,0,1,1
434769,Rhox10,0,0,0,1,1
493583,Itlnb,0,0,0,1,1
50496,E2f6,1,0,0,1,1
50524,Sall2,1,0,0,1,1
50706,Postn,0,0,0,1,1
50754,Fbxw7,0,0,1,1,1
50781,Dkk3,1,0,0,1,1
50873,Park2,0,0,0,1,1
50884,Nckap1,0,0,0,1,1
50887,Hmgn5,0,0,0,1,1
50913,Olig2,0,1,0,1,0
50914,Olig1,0,1,0,1,1
50916,Irx4,0,0,0,1,1
52389,Gpr123,0,0,1,1,1
52666,Arhgef25,0,0,0,1,1
52679,E2f7,0,0,0,1,1
52712,Zkscan6,0,0,0,1,1
52906,Ahi1,0,0,1,1,1
53322,Nucb2,0,0,1,1,1
53404,Atoh7,0,0,0,1,1
53417,Hif3a,1,0,0,1,1
53599,Cd164,1,0,0,1,1
53601,Pcdh12,0,0,0,1,1
53623,Gria3,0,0,1,1,1
53625,B3gnt2,0,0,0,1,1
53626,Insm1,0,0,0,1,1
53627,Porcn,0,0,0,1,1
53870,Cntn6,0,0,1,1,1
53883,Celsr2,0,0,1,1,1
53945,Slc40a1,0,0,0,1,1
53970,Rfx5,0,0,0,1,1
53972,Ngef,1,0,0,1,1
54006,Deaf1,0,0,0,1,1
54132,Pdlim1,0,0,0,1,1
54135,Lsr,0,0,0,1,1
54140,Avpr1a,0,0,0,1,1
54160,Copg2,0,0,0,1,1
54352,Irx5,0,0,0,1,1
54371,Chst2,1,0,0,1,1
54393,Gabbr1,1,0,0,1,1
54422,Barhl1,0,0,0,1,1
54426,Hgfac,0,0,0,1,1
54427,Dnmt3l,0,0,0,1,1
54446,Nfat5,0,0,0,1,1
54485,Dll4,0,0,0,1,1
545192,Baiap3,0,0,1,1,1
54526,Syt10,0,0,0,1,1
545810,LOC545810,0,0,0,1,1
54601,Foxo4,0,0,0,1,1
546024,Crxos,0,0,0,1,1
546118,Ubtfl1,0,0,0,1,1
54612,Sfrp5,0,0,0,1,1
54615,Npff,0,0,0,1,1
546316,LOC546316,0,0,0,1,1
54635,Pdgfc,1,0,0,1,1
546801,Etv3l,0,0,0,1,1
54712,Plxnc1,1,0,1,1,1
54713,Fezf2,0,0,1,1,1
54725,Cadm1,1,0,0,1,1
55963,Slc1a4,1,0,0,1,1
55994,Smad9,0,0,0,1,1
56050,Cyp39a1,0,0,0,1,1
56079,Astn2,0,0,1,1,0
56184,Msgn1,0,0,0,1,1
56198,Heyl,1,0,0,1,1
56218,Patz1,0,1,0,1,1
56296,Dmrtb1,0,1,0,1,1
56321,Aatf,0,0,0,1,1
56353,Rybp,0,1,0,1,1
56381,Spen,0,0,0,1,1
56405,Dusp14,0,0,1,1,1
56406,Ncoa6,0,0,0,1,1
56410,Cbln3,0,0,0,1,1
56458,Foxo1,1,0,0,1,1
56484,Foxo3,0,0,0,1,1
56490,Zbtb20,1,0,0,1,1
56501,Elf4,0,0,0,1,1
56637,Gsk3b,0,0,1,1,1
56644,Clec7a,0,0,0,1,1
56717,Mtor,0,0,0,1,1
56720,Tdo2,0,0,0,1,0
56736,Rnf14,0,0,1,1,1
56787,Ascl3,0,0,0,1,1
56795,Arl10,0,0,0,1,1
56805,Zbtb33,0,0,0,1,0
56811,Dkk2,0,0,0,1,1
56835,Ctsr,0,0,0,1,1
56847,Aldh1a3,0,0,0,1,1
57014,Htr3b,0,0,0,1,0
57080,Gtf2ird1,0,0,0,1,1
57246,Tbx20,0,0,0,1,1
57249,Gabrq,0,0,0,1,1
57265,Fzd2,1,0,0,1,1
57376,Smarce1,0,0,0,1,1
57737,Rhox4b,0,0,0,1,1
57750,Wdr12,0,0,0,1,1
57764,Ntn4,0,0,0,1,1
57765,Tbx21,0,0,0,1,1
57776,Ttyh1,1,0,0,1,1
57810,Cdon,0,1,0,1,1
57875,Angptl4,1,0,0,1,1
58172,Sertad2,0,0,0,1,1
58198,Sall1,1,0,0,1,0
58208,Bcl11b,0,0,1,1,0
58222,Rab37,0,0,0,1,1
58226,Cacna1h,0,0,1,1,1
58234,Shank3,0,0,1,1,0
58235,Pvrl1,0,0,0,1,1
58802,Kcnmb4,0,0,1,1,1
58805,Mlxipl,0,0,0,1,1
58869,Pex5l,0,0,0,1,0
58998,Pvrl3,1,0,1,1,1
59024,Med12,1,0,0,1,1
59036,Dact1,0,0,0,1,1
59057,Zfp191,1,1,0,1,1
59058,Bhlhe22,0,0,0,1,0
59095,Fxyd6,0,0,0,1,1
59125,Nek7,1,0,0,1,1
59287,Ncstn,0,0,0,1,1
60345,Nrip2,0,0,0,1,1
60531,Npvf,0,0,0,1,1
60611,Foxj2,0,0,0,1,1
606496,Gsk3a,0,0,0,1,1
619808,1700010L04Rik,0,0,0,1,1
63873,Trpv4,0,0,0,1,1
64011,Nrgn,0,0,1,1,1
64058,Perp,0,0,0,1,1
64074,Smoc2,0,0,1,1,1
64085,Clstn2,0,0,1,1,0
64213,St7,0,0,0,1,1
64290,Foxb1,0,0,0,1,1
64297,Gprc5b,1,0,0,1,1
64378,Gpr88,0,0,1,1,1
64406,Sp5,1,0,0,1,1
64580,Ndst4,0,0,0,1,1
64654,Fgf23,0,0,0,1,1
64706,Scube1,0,0,0,1,1
64930,Tsc1,0,0,0,1,1
65079,Rtn4r,0,0,1,1,1
65100,Zic5,0,0,0,1,1
65254,Dpysl5,0,0,1,1,1
654812,Angptl7,0,0,0,1,1
65945,Clstn1,0,0,1,1,1
66042,Sostdc1,0,0,1,1,1
66111,Tmed3,0,0,0,1,1
66222,Serpinb1a,1,0,0,1,1
66277,Klf15,1,0,0,1,1
66307,Isoc1,0,0,0,1,1
66340,Psenen,0,0,0,1,1
66354,Snw1,0,0,0,1,1
66445,Cyc1,0,0,0,1,1
66447,Mgst3,0,0,1,1,1
66467,Gtf2h5,0,0,1,1,1
664799,Ctcfl,0,0,0,1,1
66556,Drap1,0,0,0,1,1
66596,Gtf3a,0,1,0,1,1
66725,Lrrk2,1,0,0,1,1
66733,Kcng4,1,0,0,1,1
66855,Tcf25,1,1,0,1,1
66863,Lztr1,0,0,0,1,1
66867,Hmg20a,0,1,0,1,0
66923,Pbrm1,0,0,0,1,1
66979,Pole4,1,0,0,1,1
67005,Polr3k,0,0,0,1,1
67087,Ctnnbip1,1,0,0,1,1
67125,Tspan31,0,0,0,1,1
67143,Ikzf5,0,0,0,1,1
67203,Nde1,1,0,0,1,1
67210,Gatad1,0,0,0,1,1
672284,Nkx1-1,0,0,0,1,1
67260,Cers4,0,0,0,1,1
67341,Ascl4,0,0,0,1,1
67405,Nts,0,0,1,1,1
67451,Pkp2,0,0,0,1,1
67533,Ppfibp1,0,1,0,1,1
67603,Dusp6,1,0,0,1,1
67605,Akt1s1,0,0,0,1,1
67784,Plxnd1,0,0,1,1,1
67824,Nmral1,0,1,0,1,1
67865,Rgs10,0,0,1,1,1
67874,Rprm,0,0,1,1,1
67923,Tceb1,0,0,1,1,1
67943,Mesdc2,0,0,0,1,1
68010,Bambi,0,0,0,1,1
68039,Nmb,1,0,0,1,1
68070,Pdzd2,0,0,1,1,1
68153,Gtf2e2,0,0,0,1,1
68169,Ndnf,0,0,0,1,1
68273,Pomgnt1,0,1,0,1,1
68404,Nrn1,0,0,1,1,1
68614,Letmd1,0,0,0,1,1
68703,Rere,0,1,0,1,1
68750,Rreb1,1,0,0,1,1
68837,Foxk2,0,0,0,1,1
68842,Tulp4,0,1,0,1,1
68877,Maf1,0,0,0,1,1
68911,Pygo2,0,0,0,1,1
69257,Elf2,0,0,0,1,1
69317,Hmgb4,0,0,0,1,1
69792,Med6,0,0,0,1,1
69852,Tcf23,0,0,0,1,1
69908,Rab3b,0,0,1,1,1
70433,Draxin,0,0,0,1,1
70508,Bbx,0,1,0,1,1
70546,Zdhhc2,0,0,0,1,1
70571,Tcerg1l,0,0,0,1,1
70729,Nos1ap,0,0,1,1,1
70733,6330411E07Rik,0,0,0,1,1
70779,Prdm5,1,0,0,1,1
70804,Pgrmc2,0,0,0,1,0
70823,Hmgxb4,0,0,0,1,1
71041,Pcgf6,0,0,0,1,1
71093,Atoh8,0,0,0,1,0
71137,Rfx4,1,0,0,1,0
71355,Col24a1,0,0,0,1,1
71371,Arid5b,0,0,0,1,1
71375,Foxn3,0,0,0,1,1
71458,Bcor,0,0,0,1,1
71461,Ptk7,0,0,0,1,1
71468,Obox1,0,0,0,1,1
71597,Isx,0,0,0,1,1
71722,Cic,0,0,0,1,1
71740,Pvrl4,0,0,0,1,1
71752,Gtf3c2,1,0,0,1,1
71785,Pdgfd,1,0,0,1,1
71833,Dcaf7,0,0,0,1,1
71907,Serpina9,0,0,0,1,1
71949,Cers5,0,0,0,1,1
71950,Nanog,0,0,0,1,1
72003,Synpr,0,0,1,1,1
72040,Cdhr5,0,0,0,1,1
72042,Cotl1,1,0,0,1,1
72058,Igsf5,0,0,0,1,1
72135,Pygo1,0,0,0,1,1
72306,Zfp777,0,0,0,1,1
72585,Lypd1,0,0,1,1,0
72605,Car10,0,0,1,1,1
72713,Angptl1,0,0,0,1,1
72780,Rspo3,1,0,0,1,1
72832,Crtac1,0,1,0,1,1
72961,Slc17a7,0,0,1,1,1
73016,Kremen2,0,0,0,1,1
73173,Pcdh18,0,0,0,1,1
73181,Nfatc4,0,0,0,1,1
73251,Setd7,0,0,0,1,0
73284,Ddit4l,1,0,0,1,1
73389,Hbp1,1,0,0,1,1
73422,Prox2,0,0,0,1,1
73728,Psd,0,0,1,1,1
73750,Whrn,0,0,0,1,1
74007,Btbd11,0,0,1,1,1
74044,Ttf2,1,0,0,1,1
74120,Zfp263,0,0,0,1,1
74123,Foxp4,0,0,0,1,1
74198,Dtx2,0,0,0,1,1
74238,Mterf2,0,0,0,1,0
74318,Hopx,0,0,0,1,1
74342,Lrrtm1,0,0,1,1,1
74370,Rptor,0,0,0,1,1
74434,Sohlh2,0,0,0,1,1
74481,Batf2,0,0,0,1,1
74570,Zkscan1,0,0,0,1,1
74596,Cds1,0,0,1,1,1
74617,Scpep1,1,0,0,1,1
74762,Mdga1,0,0,0,1,1
74769,Pik3cb,0,0,0,1,1
75507,Pou5f2,0,0,0,1,1
75599,Pcdh1,0,0,0,1,1
75605,Kdm5b,0,0,0,1,1
75723,Amotl1,1,0,0,1,0
75870,Tcam1,0,0,0,1,1
76161,Lamp5,0,0,0,1,1
76206,Gpr165,0,0,0,1,1
76293,Mfap4,0,0,0,1,1
76365,Tbx18,0,0,0,1,1
76441,Daam2,1,0,0,1,0
76580,Mib2,0,0,0,1,1
76863,Dcun1d5,0,0,1,1,1
76965,Slitrk1,0,0,1,1,0
77578,Bcl9,0,0,0,1,1
77579,Myh10,0,0,1,1,1
77889,Lbh,0,1,0,1,1
78284,Creb3l4,0,0,0,1,1
78405,Ntf5,0,0,0,1,1
78593,Nrip3,0,0,1,1,1
78829,Tsc22d4,1,1,0,1,1
78925,Srd5a1,0,1,0,1,1
79362,Bhlhe41,0,0,0,1,1
80283,Abtb1,0,0,0,1,1
80297,Sptbn4,0,0,0,1,1
80720,Pbx4,0,0,0,1,1
80797,Clca3a2,0,0,0,1,1
80883,Ntng1,0,0,1,1,1
80888,Hspb8,1,0,0,1,1
80892,Zfhx4,0,0,0,1,1
80903,Fgf16,0,0,0,1,1
80904,Dtx3,0,0,0,1,0
80906,Kcnip2,0,0,1,1,1
81703,Jdp2,0,0,0,1,1
81904,Cacng7,0,0,0,1,0
83383,Tfap4,0,0,0,1,1
83428,Ucn3,0,0,0,1,1
83431,Ndel1,0,1,1,1,1
83762,Otof,0,0,0,1,1
83925,Trps1,1,0,0,1,1
83961,Nrg4,0,0,0,1,1
83964,Jam3,0,1,0,1,1
83993,Tbx19,0,0,0,1,1
84035,Kremen1,1,0,0,1,1
84653,Hes7,0,0,0,1,0
93681,Zkscan8,0,0,0,1,1
93687,Csnk1a1,0,0,0,1,1
93691,Klf7,0,0,0,1,1
93724,Pcdhga12,0,0,0,1,1
93735,Wnt16,0,0,0,1,1
93742,Pard3,0,0,0,1,1
93837,Dach2,0,0,0,1,0
93875,Pcdhb4,0,0,0,1,1
93880,Pcdhb9,0,0,0,1,1
93885,Pcdhb14,0,0,0,1,1
93897,Fzd10,0,0,0,1,1
93960,Nkd1,0,1,0,1,1
94222,Olig3,0,0,0,1,0
94275,Maged1,0,0,0,1,1
94332,Cadm3,0,0,1,1,1
94352,Loxl2,0,0,0,1,1
94353,Hmgn3,0,0,0,1,1
96875,Prg4,0,0,0,1,0
97064,Wwtr1,1,0,0,1,1
97998,Deptor,0,0,0,1,1
98558,Mael,0,0,0,1,1
98660,Atp1a2,1,0,0,1,1
98741,Kcnb2,0,0,0,1,1
98970,Fibcd1,0,0,1,1,1
99296,Hrh3,0,0,0,1,1
99730,Taf13,1,0,0,1,0
