ENSG00000260633	AC010207.1
ENSG00000144746	ARL6IP5
ENSG00000170837	GPR27
ENSG00000264920	AC018521.5
ENSG00000263603	AC127024.2
ENSG00000266490	AC127024.5
ENSG00000198937	CCDC167
ENSG00000131015	ULBP2
ENSG00000272462	U91328.1
ENSG00000261366	MANEA-AS1
ENSG00000123545	NDUFAF4
ENSG00000228506	AL513550.1
ENSG00000219755	AL137784.1
ENSG00000113318	MSH3
ENSG00000249572	AC034231.1
ENSG00000111775	COX6A1
ENSG00000161798	AQP5
ENSG00000225231	LINC02470
ENSG00000245648	AC022075.1
ENSG00000212127	TAS2R14
ENSG00000256274	TAS2R64P
ENSG00000179428	AC073072.1
ENSG00000230658	KLHL7-AS1
ENSG00000233760	AC004947.1
ENSG00000267368	UPK3BL1
ENSG00000237310	AC008267.5
ENSG00000233393	AP000688.2
ENSG00000116883	AL591845.1
ENSG00000233621	LINC01137
ENSG00000143162	CREG1
ENSG00000271811	Z97200.1
ENSG00000181754	AMIGO1
ENSG00000230325	AL359921.1
ENSG00000272865	AL591686.2
ENSG00000224525	AL591686.1
ENSG00000228140	AL031283.1
ENSG00000162461	SLC25A34
ENSG00000233296	AC092159.2
ENSG00000225234	TRAPPC12-AS1
ENSG00000162407	PLPP3
ENSG00000230133	LINC01721
ENSG00000238151	MLLT10P1
ENSG00000100418	DESI1
ENSG00000227370	AC254562.1
ENSG00000100304	TTLL12
ENSG00000234928	LINC01659
ENSG00000227755	AP000344.1
ENSG00000128218	VPREB3
ENSG00000218537	MIF-AS1
ENSG00000273295	AP000350.6
ENSG00000225282	AP000350.2
ENSG00000272787	AC253536.6
ENSG00000204778	CBWD4P
ENSG00000120162	MOB3B
ENSG00000241043	
ENSG00000188133	TMEM215
ENSG00000230839	AL121760.1
ENSG00000136783	NIPSNAP3A
ENSG00000259954	IL21R-AS1
ENSG00000260953	AC009093.4
ENSG00000261286	ATP2C2-AS1
ENSG00000270020	AC009108.3
ENSG00000213937	CLDN9
ENSG00000267077	AC020663.2
ENSG00000246898	LINC00920
ENSG00000152749	GPR180
ENSG00000260992	DOCK9-AS2
ENSG00000272143	FGF14-AS2
ENSG00000236354	LINC00437
ENSG00000253738	OTUD6B-AS1
ENSG00000156172	C8orf37
ENSG00000259820	AC083843.3
ENSG00000253210	AC040970.1
ENSG00000261693	AC134682.1
ENSG00000167653	PSCA
ENSG00000253741	AC108002.1
ENSG00000130193	THEM6
ENSG00000215117	LINC00588
ENSG00000251504	LINC01099
ENSG00000249506	ZEB2P1
ENSG00000249244	AC110373.1
ENSG00000231345	BEND3P1
ENSG00000183346	CABCOCO1
ENSG00000261438	AL157394.1
ENSG00000228701	TNKS2-AS1
ENSG00000267390	AC036176.1
ENSG00000273032	DGCR9
ENSG00000273164	DGCR10
ENSG00000267199	AP001029.2
ENSG00000267336	EIF4A2P1
ENSG00000264880	AP005901.2
ENSG00000265015	AP005901.3
ENSG00000270055	AC127502.2
ENSG00000269930	AC091057.2
ENSG00000270015	AC087481.3
ENSG00000254912	AC135983.3
ENSG00000259577	CERNA1
ENSG00000215256	DHRS4-AS1
ENSG00000126775	ATG14
ENSG00000271780	AL118558.3
ENSG00000272444	AL118558.4
ENSG00000259775	AL138976.2
ENSG00000269958	AL049840.4
ENSG00000119878	CRIPT
ENSG00000233266	HMGB1P31
ENSG00000228016	RAPGEF4-AS1
ENSG00000183891	TTC32
ENSG00000236595	MED15P5
ENSG00000224425	AC073869.2
ENSG00000273073	AC073869.3
ENSG00000227745	AC098826.2
ENSG00000150551	LYPD1
ENSG00000204792	LINC01291
ENSG00000236209	AC104135.1
ENSG00000261643	AL590235.1
ENSG00000229150	CRYGEP
ENSG00000168582	CRYGA
ENSG00000254941	AP000866.4
ENSG00000069482	GAL
ENSG00000250508	AP000808.1
ENSG00000254682	AP002387.2
ENSG00000254415	SIGLEC14
ENSG00000164366	CCDC127
ENSG00000251532	AC091849.2
ENSG00000266907	AC006116.1
ENSG00000269696	AC005498.3
ENSG00000186230	ZNF749
ENSG00000268266	AC003005.2
ENSG00000244165	P2RY11
ENSG00000266903	AC243964.2
ENSG00000261770	AC006504.1
ENSG00000175691	ZNF77
ENSG00000060558	GNA15
ENSG00000268055	AC067969.1
ENSG00000271964	AC090948.1
ENSG00000144909	OSBPL11
ENSG00000241278	ENPP7P4
ENSG00000242142	SERBP1P3
ENSG00000272463	AL357054.4
ENSG00000272279	AL512329.2
ENSG00000272277	AL031963.3
ENSG00000228793	AL138881.1
ENSG00000272512	AL645608.8
ENSG00000144647	POMGNT2
ENSG00000236297	AC048351.1
ENSG00000224769	MUC20P1
ENSG00000271662	AC233280.2
ENSG00000229178	AC233280.1
ENSG00000215837	SDHAP2
ENSG00000260793	AC003102.1
ENSG00000267731	AC005332.3
ENSG00000229980	TOB1-AS1
ENSG00000261924	AC127496.1
ENSG00000229043	AC091729.3
ENSG00000179277	MEIS3P1
ENSG00000108556	CHRNE
ENSG00000180626	ZNF594
ENSG00000231769	AL035701.1
ENSG00000146085	MUT
ENSG00000031691	CENPQ
ENSG00000234155	LINC02535
ENSG00000112378	PERP
ENSG00000219392	ZNF602P
ENSG00000216901	ZNF603P
ENSG00000223508	RPL23AP53
ENSG00000253982	AC100810.1
ENSG00000271743	AF287957.1
ENSG00000255389	Z97989.1
ENSG00000213433	RPLP1P6
ENSG00000248544	AC008676.1
ENSG00000251405	AC008676.2
ENSG00000230847	AC044797.1
ENSG00000272459	AC139795.3
ENSG00000249109	AC140125.2
ENSG00000218227	AC136632.1
ENSG00000272335	AC093297.2
ENSG00000247796	AC008966.1
ENSG00000271382	AC012464.3
ENSG00000171115	GIMAP8
ENSG00000261455	LINC01003
ENSG00000196584	XRCC2
ENSG00000248593	DSTNP2
ENSG00000271892	AC026790.1
ENSG00000255693	LINC02389
ENSG00000239335	LLPH-AS1
ENSG00000213413	PVRIG
ENSG00000258181	AC008083.2
ENSG00000185290	NUPR2
ENSG00000182993	C12orf60
ENSG00000226468	AC018641.1
ENSG00000271122	AC018647.2
ENSG00000272668	AL590560.2
ENSG00000273487	AC104836.1
ENSG00000230439	AL512488.1
ENSG00000237624	OXCT2P1
ENSG00000260948	AL390195.2
ENSG00000231437	LINC01750
ENSG00000272195	AL356512.1
ENSG00000260855	AL591848.4
ENSG00000232456	AL355994.2
ENSG00000185519	FAM131C
ENSG00000238142	BX284668.5
ENSG00000203288	TDRKH-AS1
ENSG00000272864	AC135803.1
ENSG00000057468	MSH4
ENSG00000228067	LINC01740
ENSG00000067533	RRP15
ENSG00000270171	AL359881.3
ENSG00000238290	AL034417.2
ENSG00000237188	AC242426.2
ENSG00000272824	AC245100.7
ENSG00000272491	AL109659.2
ENSG00000260088	AL445483.1
ENSG00000198892	SHISA4
ENSG00000230563	AL121757.1
ENSG00000234688	AL049749.1
ENSG00000228274	AL021707.2
ENSG00000235209	AL022318.1
ENSG00000260708	AL118516.1
ENSG00000217442	SYCE3
ENSG00000205559	CHKB-AS1
ENSG00000272942	AL022324.3
ENSG00000272977	AL008721.2
ENSG00000223345	HIST2H2BA
ENSG00000229107	ABHD17AP4
ENSG00000230513	THAP7-AS1
ENSG00000272779	AC245060.4
ENSG00000211643	IGLV5-52
ENSG00000228510	AL359091.2
ENSG00000268707	AL158151.4
ENSG00000204055	AL158151.1
ENSG00000213221	DNLZ
ENSG00000177984	LCN15
ENSG00000214402	LCNL1
ENSG00000260947	AL356489.2
ENSG00000230074	AL162231.2
ENSG00000242616	GNG10
ENSG00000259953	AL138756.1
ENSG00000225706	PTPRD-AS1
ENSG00000153714	LURAP1L
ENSG00000235448	LURAP1L-AS1
ENSG00000272871	AL159169.2
ENSG00000261402	AL591222.1
ENSG00000227603	AL583839.1
ENSG00000224848	AL589843.1
ENSG00000233820	AL589843.2
ENSG00000228376	GAS2L1P2
ENSG00000228038	VN1R51P
ENSG00000159712	ANKRD18CP
ENSG00000203279	AL590705.1
ENSG00000260306	AC092375.2
ENSG00000262700	AC133552.3
ENSG00000237753	AC079922.2
ENSG00000184602	SNN
ENSG00000255513	AC005363.1
ENSG00000261613	AC093525.6
ENSG00000269937	AC093525.7
ENSG00000263280	AC003965.1
ENSG00000205364	MT1M
ENSG00000250878	METTL21EP
ENSG00000272274	LINC00551
ENSG00000230156	LINC00443
ENSG00000224243	SOX1-OT
ENSG00000255320	AP000759.1
ENSG00000180921	FAM83H
ENSG00000254973	AC105219.4
ENSG00000254050	AC018861.2
ENSG00000254081	LINC01299
ENSG00000272010	AC100814.1
ENSG00000251580	LINC02482
ENSG00000251615	AC104825.1
ENSG00000205959	AC105345.1
ENSG00000233609	RPL10P19
ENSG00000253678	AC104964.2
ENSG00000254507	DEFB131E
ENSG00000255495	AC145124.1
ENSG00000255556	AC087203.2
ENSG00000251402	FAM90A25P
ENSG00000272138	LINC01607
ENSG00000254531	AP001816.1
ENSG00000225140	AL358216.1
ENSG00000205696	ADARB2-AS1
ENSG00000269949	AC069307.1
ENSG00000185149	NPY2R
ENSG00000256043	CTSO
ENSG00000273449	AC093788.1
ENSG00000251129	LINC02506
ENSG00000249685	AC079921.2
ENSG00000134962	KLB
ENSG00000249348	UGDH-AS1
ENSG00000249381	LINC00500
ENSG00000170430	MGMT
ENSG00000235010	AL512622.1
ENSG00000240707	LINC01168
ENSG00000226964	RHEBP2
ENSG00000119913	TECTB
ENSG00000233200	AL117336.1
ENSG00000264247	LINC00909
ENSG00000266489	AC007922.3
ENSG00000266441	AP005205.2
ENSG00000263627	PPP4R1-AS1
ENSG00000267079	AP001269.2
ENSG00000261478	AC013391.3
ENSG00000234477	AC004231.1
ENSG00000254744	AC084855.1
ENSG00000259205	PRKXP1
ENSG00000259362	AC046168.1
ENSG00000259417	CTXND1
ENSG00000245975	AC090515.2
ENSG00000259433	AC051619.3
ENSG00000235213	OR6E1P
ENSG00000258695	AC005225.3
ENSG00000177465	ACOT4
ENSG00000259065	AC005520.2
ENSG00000258586	LINC02274
ENSG00000165502	RPL36AL
ENSG00000258711	AL358334.2
ENSG00000272541	AL021368.3
ENSG00000272316	AL021368.2
ENSG00000154079	SDHAF4
ENSG00000271967	AL583856.2
ENSG00000258702	AL137786.1
ENSG00000258701	LINC00638
ENSG00000204334	ERICH2
ENSG00000181798	LINC00471
ENSG00000162928	PEX13
ENSG00000197557	TTC30A
ENSG00000229360	PPP1R2P5
ENSG00000224272	AC131097.3
ENSG00000237940	LINC01238
ENSG00000273080	AC009309.1
ENSG00000271952	LINC01954
ENSG00000169006	NTSR2
ENSG00000236682	AC068282.1
ENSG00000257800	FNBP1P1
ENSG00000157259	GATAD1
ENSG00000255219	AP000755.2
ENSG00000257086	AP001453.4
ENSG00000255455	AP003486.1
ENSG00000255190	TRIM51DP
ENSG00000254547	AC036111.1
ENSG00000171714	ANO5
ENSG00000254916	AP004607.4
ENSG00000233930	KRTAP5-AS1
ENSG00000226416	MRPL23-AS1
ENSG00000254919	AC090692.1
ENSG00000254427	AC103736.1
ENSG00000261098	AP000766.1
ENSG00000255135	AP002360.1
ENSG00000269235	ZNF350-AS1
ENSG00000241015	TPM3P9
ENSG00000269473	AC012313.8
ENSG00000213290	PGK1P2
ENSG00000169515	CCDC8
ENSG00000180884	ZNF792
ENSG00000135862	LAMC1
ENSG00000267260	AC020928.2
ENSG00000268673	AC004597.1
ENSG00000267594	CYP4F24P
ENSG00000233927	RPS28
ENSG00000267289	AC008752.2
ENSG00000080573	COL5A3
ENSG00000254473	AL354920.1
ENSG00000242551	POU5F1P6
ENSG00000261159	AC112484.3
ENSG00000231305	AC112484.1
ENSG00000270773	AC137695.2
ENSG00000241231	AC022294.1
ENSG00000244119	PDCL3P4
ENSG00000272989	LINC02012
ENSG00000157150	TIMP4
ENSG00000251661	AC136475.1
ENSG00000270972	AC136475.9
ENSG00000069696	DRD4
ENSG00000255284	AP006621.3
ENSG00000261758	AC117382.2
ENSG00000273486	AC096992.2
ENSG00000239959	ENPP7P2
ENSG00000242516	LINC00960
ENSG00000233175	AC008105.1
ENSG00000264070	DND1P1
ENSG00000263503	MAPK8IP1P2
ENSG00000214401	KANSL1-AS1
ENSG00000262500	MAPK8IP1P1
ENSG00000262539	AC005829.2
ENSG00000261575	AC005829.1
ENSG00000260075	NSFP1
ENSG00000260398	AC068700.1
ENSG00000254352	AC100854.1
ENSG00000197417	SHPK
ENSG00000037042	TUBG2
ENSG00000261033	AC005730.2
ENSG00000248278	SUMO2P17
ENSG00000267466	AC021683.1
ENSG00000246375	AC107067.1
ENSG00000266718	AC079336.5
ENSG00000109047	RCVRN
ENSG00000170222	ADPRM
ENSG00000112599	GUCA1B
ENSG00000124713	GNMT
ENSG00000235381	AL596202.1
ENSG00000271040	AL390955.2
ENSG00000272047	GTF2H5
ENSG00000235994	HGC6.3
ENSG00000226445	BX322234.1
ENSG00000230960	AL109910.1
ENSG00000137364	TPMT
ENSG00000220563	PKMP3
ENSG00000189241	TSPYL1
ENSG00000203908	KHDC3L
ENSG00000232876	AL353596.1
ENSG00000270964	AC016355.1
ENSG00000164251	F2RL1
ENSG00000248275	TRIM52-AS1
ENSG00000249926	AC117500.1
ENSG00000135517	MIP
ENSG00000273344	PAXIP1-AS1
ENSG00000218672	AC008060.1
ENSG00000260426	AC008060.4
ENSG00000233878	AC073133.2
ENSG00000250490	LINC02145
ENSG00000250060	AC122710.1
ENSG00000250786	SNHG18
ENSG00000271980	AC012640.4
ENSG00000180535	BHLHA15
ENSG00000272950	AC093799.1
ENSG00000164296	TIGD6
ENSG00000254333	NDST1-AS1
ENSG00000271795	AC011337.1
ENSG00000260581	AC011374.1
ENSG00000253333	AC146944.3
ENSG00000273297	AC009275.1
ENSG00000270021	AC026691.1
ENSG00000253404	AC034243.1
ENSG00000253686	LINC01484
ENSG00000248469	AC139491.1
ENSG00000249664	AC027338.1
ENSG00000257431	AC089998.1
ENSG00000270028	AC079315.1
ENSG00000255621	AC023790.2
ENSG00000228421	AC005013.1
ENSG00000223813	AC007255.1
ENSG00000225264	ZNRF2P2
ENSG00000244480	AC005154.3
ENSG00000241764	AC002467.1
ENSG00000272130	AC091946.2
ENSG00000257139	AC084032.1
ENSG00000236333	TRHDE-AS1
ENSG00000273240	AC013468.1
ENSG00000269514	AC024257.3
ENSG00000182722	SEPHS1P1
ENSG00000213640	EEF1DP4
ENSG00000213462	ERV3-1
ENSG00000272908	AC006033.2
ENSG00000261019	AC010132.4
ENSG00000273270	AC090114.2
ENSG00000243302	AC018638.4
ENSG00000243679	AC018638.5
ENSG00000273027	AL844908.2
ENSG00000223768	LINC00205
ENSG00000270605	AL353622.1
ENSG00000231663	AL355472.1
ENSG00000231768	LINC01354
ENSG00000238287	AL603839.3
ENSG00000272145	NFYC-AS1
ENSG00000226191	CLK3P2
ENSG00000224521	AC098483.1
ENSG00000053372	MRTO4
ENSG00000169914	OTUD3
ENSG00000227066	Z98257.1
ENSG00000158825	CDA
ENSG00000177406	AC021054.1
ENSG00000235049	LINC00940
ENSG00000268686	AC010643.1
ENSG00000232112	TMA7
ENSG00000244515	KRT18P34
ENSG00000272247	AC080013.5
ENSG00000213077	
ENSG00000262681	AC005722.2
ENSG00000272501	AL662844.4
ENSG00000272221	AL645933.2
ENSG00000152931	PART1
ENSG00000257681	AC025265.1
ENSG00000247903	AC024896.1
ENSG00000256625	AC092747.2
ENSG00000271344	AC018638.6
ENSG00000261349	AL031432.2
ENSG00000224183	SDHDP6
ENSG00000231613	AC099568.1
ENSG00000272823	AL445423.1
ENSG00000225265	TAF1A-AS1
ENSG00000272750	AL592148.3
ENSG00000243709	LEFTY1
ENSG00000224635	AL391095.1
ENSG00000214076	CPSF1P1
ENSG00000261819	AC138932.3
ENSG00000263335	AF001548.2
ENSG00000227827	AC138969.2
ENSG00000261195	AC027130.1
ENSG00000253797	UTP14C
ENSG00000271830	AC012213.4
ENSG00000136982	DSCC1
ENSG00000259959	AC107068.1
ENSG00000272983	AL117339.4
ENSG00000215146	BX322639.1
ENSG00000230555	AL450326.1
ENSG00000230869	AGAP10P
ENSG00000233690	EBAG9P1
ENSG00000272572	AL138762.1
ENSG00000249839	AC011330.1
ENSG00000119632	IFI27L2
ENSG00000127578	WFIKKN1
ENSG00000254854	AP003390.1
ENSG00000241170	AP001992.1
ENSG00000268297	CLEC4GP1
ENSG00000268555	AC123912.4
ENSG00000183688	RFLNB
ENSG00000271324	AC112220.3
ENSG00000267128	RNF157-AS1
ENSG00000184619	KRBA2
ENSG00000124767	GLO1
ENSG00000260000	AL133338.1
ENSG00000237190	CDKN2AIPNL
ENSG00000188573	FBLL1
ENSG00000245556	SCAMP1-AS1
ENSG00000251450	RASGRF2-AS1
ENSG00000255837	TAS2R20
ENSG00000212124	TAS2R19
ENSG00000225792	AC004540.2
ENSG00000231106	LINC01436
ENSG00000159231	CBR3
ENSG00000180875	GREM2
ENSG00000225554	AL359764.1
ENSG00000116771	AGMAT
ENSG00000272342	LINC01115
ENSG00000271947	AC017076.1
ENSG00000230319	AL022476.1
ENSG00000272733	AP000345.2
ENSG00000099994	SUSD2
ENSG00000225756	DBH-AS1
ENSG00000261061	AC092718.4
ENSG00000261502	AC040174.1
ENSG00000139780	METTL21C
ENSG00000175895	PLEKHF2
ENSG00000253288	AC046195.1
ENSG00000167656	LY6D
ENSG00000247317	LY6E-DT
ENSG00000251185	AC025244.1
ENSG00000228314	CYP4F29P
ENSG00000236814	AC046176.1
ENSG00000254139	AC104051.2
ENSG00000250131	AC078881.1
ENSG00000248197	LINC00290
ENSG00000273133	AC116651.1
ENSG00000253671	AC027117.1
ENSG00000237949	LINC00844
ENSG00000224215	AL606469.1
ENSG00000235100	AL157400.3
ENSG00000273203	AC006946.2
ENSG00000271275	AC007326.1
ENSG00000273311	DGCR11
ENSG00000185065	AC000068.1
ENSG00000260361	AC106028.3
ENSG00000261794	GOLGA8H
ENSG00000259917	HNRNPLP2
ENSG00000261543	AC010931.3
ENSG00000260685	AC027104.1
ENSG00000269883	AC007375.3
ENSG00000100580	TMED8
ENSG00000269940	AL049840.3
ENSG00000272551	AC017048.3
ENSG00000075886	TUBA3D
ENSG00000229203	AC103564.1
ENSG00000152128	TMEM163
ENSG00000225439	BOLA3-AS1
ENSG00000250892	AC108475.1
ENSG00000187686	KRT18P59
ENSG00000270179	AP002840.2
ENSG00000170209	ANKK1
ENSG00000260196	AC124798.1
ENSG00000262874	C19orf84
ENSG00000248925	AC021087.1
ENSG00000272347	AC116351.2
ENSG00000267100	ILF3-AS1
ENSG00000125741	OPA3
ENSG00000233121	VN1R20P
ENSG00000224728	IMPDH1P8
ENSG00000250012	AC079848.1
ENSG00000239219	AC008040.1
ENSG00000081148	IMPG2
ENSG00000233058	LINC00884
ENSG00000267681	AC135721.1
ENSG00000265683	SYPL1P2
ENSG00000267452	LINC02073
ENSG00000240859	AC093627.4
ENSG00000205710	C17orf107
ENSG00000230939	
ENSG00000272097	AL024498.1
ENSG00000260645	AL359715.2
ENSG00000236104	ZBTB22
ENSG00000218016	ZNF192P2
ENSG00000233176	OR7E157P
ENSG00000255853	AC006065.1
ENSG00000256310	NDUFA5P6
ENSG00000261305	AC005586.2
ENSG00000248150	LINC02150
ENSG00000244239	AC007009.1
ENSG00000106153	CHCHD2
ENSG00000229358	DPY19L1P1
ENSG00000214243	AC004980.2
ENSG00000235772	AP001625.2
ENSG00000260464	AL049796.1
ENSG00000162913	OBSCN-AS1
ENSG00000183682	BMP8A
ENSG00000198754	OXCT2
ENSG00000259943	AL050341.2
ENSG00000183831	ANKRD45
ENSG00000235021	AL591848.2
ENSG00000259865	AL390728.6
ENSG00000143631	FLG
ENSG00000272420	AL513477.2
ENSG00000130701	RBBP8NL
ENSG00000205181	LINC00654
ENSG00000237862	Z94160.1
ENSG00000101421	CHMP4B
ENSG00000188636	RTL6
ENSG00000261188	Z95115.1
ENSG00000223704	LINC01422
ENSG00000230051	AL020994.2
ENSG00000143067	ZNF697
ENSG00000231429	AC244021.2
ENSG00000134996	OSTF1
ENSG00000228544	CCDC183-AS1
ENSG00000237419	AL954642.1
ENSG00000205143	ARID3C
ENSG00000227388	AL133410.1
ENSG00000119411	BSPRY
ENSG00000119401	TRIM32
ENSG00000233569	AL161630.1
ENSG00000232063	AL691447.2
ENSG00000095380	NANS
ENSG00000261090	AC127459.2
ENSG00000236255	AC009404.1
ENSG00000182376	AC138028.1
ENSG00000261560	AC007216.3
ENSG00000099769	IGFALS
ENSG00000229246	LINC00377
ENSG00000267868	AL356740.1
ENSG00000235280	MCF2L-AS1
ENSG00000083635	NUFIP1
ENSG00000255200	PGAM1P8
ENSG00000214659	KRT8P26
ENSG00000213608	SLC25A14P1
ENSG00000270673	YTHDF3-AS1
ENSG00000272620	AFAP1-AS1
ENSG00000261451	AC104964.3
ENSG00000272505	AC104964.4
ENSG00000255020	AF131216.3
ENSG00000249889	ALG1L11P
ENSG00000270154	AC130352.1
ENSG00000164695	CHMP4C
ENSG00000248971	KRT8P46
ENSG00000230069	LRRC37A15P
ENSG00000229672	AL450322.2
ENSG00000245149	RNF139-AS1
ENSG00000248184	LINC02283
ENSG00000250125	LINC02232
ENSG00000109163	GNRHR
ENSG00000196166	C8orf86
ENSG00000260244	AC104083.1
ENSG00000121895	TMEM156
ENSG00000224097	AC021148.1
ENSG00000228451	SDAD1P1
ENSG00000224222	AC024601.1
ENSG00000229081	LINC01165
ENSG00000232903	LINC01166
ENSG00000272447	AL135925.1
ENSG00000259994	AL353796.1
ENSG00000226578	AL132657.1
ENSG00000119986	AVPI1
ENSG00000263958	AC091138.1
ENSG00000180011	ZADH2
ENSG00000267287	AC068473.3
ENSG00000259407	AC021739.2
ENSG00000259416	AC021739.3
ENSG00000094796	KRT31
ENSG00000258408	NT5CP2
ENSG00000205669	ACOT6
ENSG00000230910	AL391807.1
ENSG00000258789	AL162171.1
ENSG00000259969	AL049838.1
ENSG00000181619	GPR135
ENSG00000187957	DNER
ENSG00000204128	C2orf72
ENSG00000204588	LINC01123
ENSG00000175772	LINC01106
ENSG00000270039	AC025165.5
ENSG00000153574	RPIA
ENSG00000260077	AC104794.2
ENSG00000226080	AC062028.2
ENSG00000087338	GMCL1
ENSG00000273456	AC064836.3
ENSG00000245008	AP001122.1
ENSG00000251226	AP001999.1
ENSG00000246100	LINC00900
ENSG00000261340	LINC01616
ENSG00000255162	AP004833.2
ENSG00000214376	VSTM5
ENSG00000225506	CYP4A22-AS1
ENSG00000170290	SLN
ENSG00000178301	AQP11
ENSG00000243234	AC010326.1
ENSG00000267309	AC092295.2
ENSG00000086967	MYBPC2
ENSG00000267058	AC006213.2
ENSG00000268535	MTDHP4
ENSG00000269837	IPO5P1
ENSG00000267980	AC007292.1
ENSG00000226237	GAS1RR
ENSG00000123975	CKS2
ENSG00000231107	LINC01508
ENSG00000165030	NFIL3
ENSG00000114166	KAT2B
ENSG00000214381	LINC00488
ENSG00000260261	AC124944.3
ENSG00000161328	LRRC56
ENSG00000229320	KRT8P12
ENSG00000241622	RARRES2P1
ENSG00000225764	P3H2-AS1
ENSG00000267198	AC091132.5
ENSG00000264364	DYNLL2
ENSG00000263063	AC024361.2
ENSG00000205212	CCDC144NL
ENSG00000247775	SNCA-AS1
ENSG00000272777	AC019131.2
ENSG00000265489	AC005358.2
ENSG00000048544	MRPS10
ENSG00000213078	AL390955.1
ENSG00000170915	PAQR8
ENSG00000216775	AL109918.1
ENSG00000231690	LINC00574
ENSG00000273100	AL596442.2
ENSG00000261003	AL008628.1
ENSG00000146278	PNRC1
ENSG00000270638	AL023806.1
ENSG00000111962	UST
ENSG00000234882	EIF3EP1
ENSG00000271755	AL031118.1
ENSG00000223548	AC034228.1
ENSG00000271871	AC005740.4
ENSG00000161055	SCGB3A1
ENSG00000168903	BTNL3
ENSG00000175749	EIF3KP1
ENSG00000152669	CCNO
ENSG00000227908	AC016596.1
ENSG00000255642	PABPC1P4
ENSG00000183876	ARSI
ENSG00000258072	AC126177.7
ENSG00000258144	LINC02406
ENSG00000185056	C5orf47
ENSG00000256092	AC137767.1
ENSG00000250091	DNAH10OS
ENSG00000170523	KRT83
ENSG00000261324	AC010168.2
ENSG00000233974	AC138951.1
ENSG00000224280	AC005014.1
ENSG00000257613	LINC01481
ENSG00000227053	AC105446.1
ENSG00000089220	PEBP1
ENSG00000253559	OSGEPL1-AS1
ENSG00000213938	SEPHS1P6
ENSG00000239617	AC073610.1
ENSG00000225451	AC092634.2
ENSG00000227986	TRIM60P18
ENSG00000189316	AC073349.1
ENSG00000270948	MTDHP1
ENSG00000272686	AC006333.2
ENSG00000184385	UMODL1-AS1
ENSG00000121691	CAT
ENSG00000260583	AP000223.1
ENSG00000232692	AP001596.1
ENSG00000248485	PCP4L1
ENSG00000135744	AGT
ENSG00000224939	LINC00184
ENSG00000227141	AL160286.1
ENSG00000143340	FAM163A
ENSG00000177551	NHLH2
ENSG00000229255	AC138089.1
ENSG00000158748	HTR6
ENSG00000117242	PINK1-AS
ENSG00000272030	AL162258.2
ENSG00000226913	BSN-AS2
ENSG00000243926	TIPARP-AS1
ENSG00000271778	AC080013.3
ENSG00000227879	PSPC1P1
ENSG00000237636	ANKRD26P3
ENSG00000236834	LINC00421
ENSG00000165474	GJB2
ENSG00000262619	LINC00621
ENSG00000228741	AL445985.1
ENSG00000257999	AC016257.1
ENSG00000235314	LINC00957
ENSG00000184454	NCMAP
ENSG00000242252	BGLAP
ENSG00000171517	LPAR3
ENSG00000162817	C1orf115
ENSG00000258768	AL356019.2
ENSG00000258441	LINC00641
ENSG00000234156	AL162254.1
ENSG00000178343	SHISA3
ENSG00000246448	
ENSG00000165733	BMS1
ENSG00000075643	MOCOS
ENSG00000259683	AC243562.2
ENSG00000104140	RHOV
ENSG00000258940	AL132639.2
ENSG00000251491	OR7E28P
ENSG00000226942	IL9RP3
ENSG00000271751	AP003392.5
ENSG00000268081	AC123912.1
ENSG00000177370	TIMM22
ENSG00000271643	AC112220.4
ENSG00000272970	AC107294.2
ENSG00000198729	PPP1R14C
ENSG00000263878	DLGAP1-AS4
ENSG00000215156	AC138409.1
ENSG00000226816	AC005082.1
ENSG00000233297	RASA4DP
ENSG00000273448	AC006480.2
ENSG00000163866	SMIM12
ENSG00000152382	TADA1
ENSG00000224837	GCSHP5
ENSG00000162444	RBP7
ENSG00000237720	AC011995.2
ENSG00000261168	AL592424.1
ENSG00000240563	L1TD1
ENSG00000124098	FAM210B
ENSG00000270001	AL121894.2
ENSG00000226450	CYP2D8P
ENSG00000138944	SHISAL1
ENSG00000240972	MIF
ENSG00000099974	DDTL
ENSG00000271303	SRXN1
ENSG00000223750	SIRPB3P
ENSG00000234282	AL109809.2
ENSG00000271461	AL109809.4
ENSG00000253250	C8orf88
ENSG00000230965	SNX18P13
ENSG00000203616	RHOT1P2
ENSG00000237807	AC022034.2
ENSG00000248632	AC106872.5
ENSG00000137441	FGFBP2
ENSG00000047662	FAM184B
ENSG00000172399	MYOZ2
ENSG00000230445	LRRC37A6P
ENSG00000107854	TNKS2
ENSG00000259845	HERC2P10
ENSG00000259319	AF111167.2
ENSG00000271870	AC024060.1
ENSG00000226363	HAGLROS
ENSG00000251188	AC079140.3
ENSG00000272885	AC092574.1
ENSG00000227189	AC092535.1
ENSG00000250986	AC141928.1
ENSG00000231908	IDH1-AS1
ENSG00000254454	RCC2P6
ENSG00000168569	TMEM223
ENSG00000255471	AP001528.2
ENSG00000142549	IGLON5
ENSG00000249201	AC114291.1
ENSG00000271119	AC026412.3
ENSG00000268379	AC025588.1
ENSG00000129355	CDKN2D
ENSG00000179855	GIPC3
ENSG00000267422	AC016582.2
ENSG00000127220	ABHD8
ENSG00000170876	TMEM43
ENSG00000271976	AC012467.2
ENSG00000241416	KRT8P13
ENSG00000273374	AC069222.1
ENSG00000154945	ANKRD40
ENSG00000247011	AC005920.1
ENSG00000224877	NDUFAF8
ENSG00000261795	AC093627.7
ENSG00000273230	AC102953.2
ENSG00000231595	AC005224.1
ENSG00000170425	ADORA2B
ENSG00000001561	ENPP4
ENSG00000111845	PAK1IP1
ENSG00000197977	ELOVL2
ENSG00000231533	AL078601.2
ENSG00000260418	AL023284.4
ENSG00000272189	AL024508.2
ENSG00000146386	ABRACL
ENSG00000260721	AF067845.1
ENSG00000253764	AC019257.1
ENSG00000246089	AC016065.1
ENSG00000164825	DEFB1
ENSG00000272123	AC008966.2
ENSG00000039139	DNAH5
ENSG00000272732	AC004982.1
ENSG00000234141	AC006042.4
ENSG00000260231	JHDM1D-AS1
ENSG00000270157	AC004918.3
ENSG00000179256	SMCO3
ENSG00000226421	SLC25A5P5
ENSG00000241350	PMS2P11
ENSG00000162728	KCNJ9
ENSG00000223675	AC093117.1
ENSG00000116981	NT5C1A
ENSG00000270084	GAS5-AS1
ENSG00000143653	SCCPDH
ENSG00000197915	HRNR
ENSG00000228063	LYPLAL1-AS1
ENSG00000169213	RAB3B
ENSG00000128268	MGAT3
ENSG00000231711	LINC00899
ENSG00000235111	Z97192.3
ENSG00000228050	TOP3BP1
ENSG00000167136	ENDOG
ENSG00000165072	MAMDC2
ENSG00000260230	FRRS1L
ENSG00000261079	AC009053.2
ENSG00000261617	LINC02177
ENSG00000175646	PRM1
ENSG00000272542	AL137246.1
ENSG00000254470	AP5B1
ENSG00000155087	ODF1
ENSG00000102699	PARP4
ENSG00000226695	ANKRD20A10P
ENSG00000234056	LINC00463
ENSG00000269918	AF131215.6
ENSG00000254423	AC087203.1
ENSG00000249465	RBMXP4
ENSG00000174749	FAM241A
ENSG00000272479	AC010857.1
ENSG00000169989	TIGD4
ENSG00000109610	SOD3
ENSG00000163394	CCKAR
ENSG00000253200	AC037459.3
ENSG00000261026	AC105046.1
ENSG00000251632	LINC02172
ENSG00000248795	AC098859.1
ENSG00000198246	SLC29A3
ENSG00000122863	CHST3
ENSG00000228330	AL355355.1
ENSG00000077943	ITGA8
ENSG00000273372	SFTPD-AS1
ENSG00000260461	AL133355.1
ENSG00000231233	CFAP58-AS1
ENSG00000171314	PGAM1
ENSG00000134760	DSG1
ENSG00000264714	AP005117.1
ENSG00000259219	AC084855.2
ENSG00000261762	AC027228.2
ENSG00000023608	SNAPC1
ENSG00000185567	AHNAK2
ENSG00000249476	AC008467.1
ENSG00000171596	NMUR1
ENSG00000076003	MCM6
ENSG00000232504	ST3GAL5-AS1
ENSG00000272564	AC012511.1
ENSG00000271855	AC073195.1
ENSG00000260163	AC012508.1
ENSG00000144035	NAT8
ENSG00000237166	LINC01792
ENSG00000225498	AC002064.1
ENSG00000134917	ADAMTS8
ENSG00000170955	CAVIN3
ENSG00000255562	UNC93B6
ENSG00000219061	TRIM51FP
ENSG00000254532	AC124657.1
ENSG00000178935	ZNF552
ENSG00000268912	AC012313.5
ENSG00000130748	TMEM160
ENSG00000267475	AC008736.1
ENSG00000180458	AC022148.1
ENSG00000090971	NAT14
ENSG00000268601	AC115522.1
ENSG00000268433	MTDHP3
ENSG00000175489	LRRC25
ENSG00000187664	HAPLN4
ENSG00000181585	TMIE
ENSG00000114446	IFT57
ENSG00000174007	CEP19
ENSG00000231177	LINC00852
ENSG00000242445	RPL7AP11
ENSG00000138463	DIRC2
ENSG00000114124	GRK7
ENSG00000136514	RTP4
ENSG00000164764	SBSPON
ENSG00000262663	AC087222.1
ENSG00000221882	OR3A2
ENSG00000265912	AC037487.1
ENSG00000226981	ABHD17AP6
ENSG00000177432	NAP1L5
ENSG00000146433	TMEM181
ENSG00000008018	PSMB1
ENSG00000137414	FAM8A1
ENSG00000213551	DNAJC9
ENSG00000203727	SAMD5
ENSG00000112299	VNN1
ENSG00000164220	F2RL2
ENSG00000228521	AC099552.3
ENSG00000259648	AL132640.2
ENSG00000259038	AL121820.2
ENSG00000258794	DUX4L27
ENSG00000234707	AC074351.1
ENSG00000204923	FBXO48
ENSG00000260423	LINC02367
ENSG00000106511	MEOX2
ENSG00000171243	SOSTDC1
ENSG00000135643	KCNMB4
ENSG00000257279	AC127164.1
ENSG00000213144	AC084880.1
ENSG00000228014	ZNF680P1
ENSG00000211695	TRGV9
ENSG00000253304	TMEM200B
ENSG00000273384	AL137796.1
ENSG00000118655	DCLRE1B
ENSG00000162722	TRIM58
ENSG00000162482	AKR7A3
ENSG00000149218	ENDOD1
ENSG00000104818	CGB2
ENSG00000272990	AC084036.1
ENSG00000231625	AC115989.1
ENSG00000273329	AC078846.1
ENSG00000205002	AARD
ENSG00000272375	AC026979.3
ENSG00000248159	HSPA8P11
ENSG00000260760	PWRN3
ENSG00000267397	AC090229.1
ENSG00000184898	RBM43
ENSG00000086506	HBQ1
ENSG00000228135	LINC01494
ENSG00000163082	SGPP2
ENSG00000255326	AP001922.5
ENSG00000213777	AC011487.1
ENSG00000225877	PSG8-AS1
ENSG00000261572	AC097639.1
ENSG00000223899	SEC13P1
ENSG00000246082	NUDT16P1
ENSG00000232300	FAM215B
ENSG00000216906	AL355312.1
ENSG00000111981	ULBP1
ENSG00000266456	AP001178.3
ENSG00000264575	LINC00526
ENSG00000014123	UFL1
ENSG00000179941	BBS10
ENSG00000121314	TAS2R8
ENSG00000256019	TAS2R63P
ENSG00000224358	AL451074.2
ENSG00000272078	AL139423.1
ENSG00000230337	AL109811.2
ENSG00000162490	DRAXIN
ENSG00000259961	AL354712.1
ENSG00000237370	AC010907.2
ENSG00000228126	FALEC
ENSG00000101463	SYNDIG1
ENSG00000231015	AL049594.1
ENSG00000204556	AL450124.1
ENSG00000128285	MCHR1
ENSG00000235513	AL035681.1
ENSG00000215347	SLC25A5P1
ENSG00000236611	LINC02556
ENSG00000136827	TOR1A
ENSG00000250616	AC012645.1
ENSG00000262185	AC005736.1
ENSG00000247400	DNAJC3-AS1
ENSG00000183722	LHFPL6
ENSG00000253704	AC023632.2
ENSG00000229231	FEM1AP1
ENSG00000270093	
ENSG00000056050	HPF1
ENSG00000261490	AC005674.2
ENSG00000145365	TIFA
ENSG00000178403	NEUROG2
ENSG00000164099	PRSS12
ENSG00000108091	CCDC6
ENSG00000119938	PPP1R3C
ENSG00000171451	DSEL
ENSG00000183307	TMEM121B
ENSG00000260382	AC087481.1
ENSG00000205978	NYNRIN
ENSG00000165553	NGB
ENSG00000204822	MRPL53
ENSG00000270696	AC005034.3
ENSG00000198155	ZNF876P
ENSG00000255306	AC004923.4
ENSG00000261625	AP003071.4
ENSG00000172935	MRGPRF
ENSG00000269397	AC011503.2
ENSG00000267264	AC006504.3
ENSG00000183617	MRPL54
ENSG00000170542	SERPINB9
ENSG00000269984	AC078795.1
ENSG00000154174	TOMM70
ENSG00000204237	OXLD1
ENSG00000198087	CD2AP
ENSG00000146247	PHIP
ENSG00000118402	ELOVL4
ENSG00000260273	AL359711.2
ENSG00000053328	METTL24
ENSG00000260686	AC008669.1
ENSG00000250539	KRT8P33
ENSG00000249129	SUDS3P1
ENSG00000145911	N4BP3
ENSG00000225165	AC090071.1
ENSG00000272416	AC025175.1
ENSG00000185955	C7orf61
ENSG00000213542	AC007000.1
ENSG00000214439	FAM185BP
ENSG00000227811	FAM212B-AS1
ENSG00000225300	AL591623.1
ENSG00000234614	AL450992.2
ENSG00000227207	RPL31P12
ENSG00000162616	DNAJB4
ENSG00000124198	ARFGEF2
ENSG00000166862	CACNG2
ENSG00000100314	CABP7
ENSG00000234373	SNX18P7
ENSG00000231165	TRBV26OR9-2
ENSG00000119457	SLC46A2
ENSG00000147869	CER1
ENSG00000272842	AL391834.1
ENSG00000225194	LINC00092
ENSG00000213612	FAM220CP
ENSG00000260973	AC009021.2
ENSG00000260922	AC009139.1
ENSG00000260121	AC138028.4
ENSG00000256982	AC135782.1
ENSG00000205015	LINC02138
ENSG00000260769	
ENSG00000228444	AL137244.1
ENSG00000235875	ARHGEF7-AS2
ENSG00000136159	NUDT15
ENSG00000266289	AC012213.3
ENSG00000152785	BMP3
ENSG00000273156	AC124016.2
ENSG00000261542	AC011978.2
ENSG00000261485	PAN3-AS1
ENSG00000253516	HMGB1P41
ENSG00000253598	SLC10A5
ENSG00000164879	CA3
ENSG00000250569	NTAN1P2
ENSG00000246560	AC018797.2
ENSG00000245384	CXXC4-AS1
ENSG00000234492	RPL34-AS1
ENSG00000180245	RRH
ENSG00000216740	ANXA2P3
ENSG00000095587	TLL2
ENSG00000120057	SFRP5
ENSG00000136383	ALPK3
ENSG00000261616	AC036108.3
ENSG00000235812	ADAM21P1
ENSG00000219881	GAPDHP42
ENSG00000250366	TUNAR
ENSG00000272800	AC021851.1
ENSG00000225057	AC012485.1
ENSG00000235351	AC114730.3
ENSG00000269973	AC010969.2
ENSG00000231013	AC013275.1
ENSG00000183134	PTGDR2
ENSG00000224795	NTM-AS1
ENSG00000199325	RNU4-39P
ENSG00000255353	AP003057.1
ENSG00000137714	FDX1
ENSG00000110328	GALNT18
ENSG00000269526	ERVV-1
ENSG00000267500	ZNF887P
ENSG00000268001	CARD8-AS1
ENSG00000267056	AC005336.1
ENSG00000268117	VN1R84P
ENSG00000269845	AC092364.2
ENSG00000229676	ZNF492
ENSG00000214888	AL772337.1
ENSG00000272182	AC135507.1
ENSG00000260743	AC007823.1
ENSG00000261488	AC128688.2
ENSG00000174013	FBXO45
ENSG00000134070	IRAK2
ENSG00000233483	AC008105.2
ENSG00000253596	AC103952.1
ENSG00000253919	THAP12P7
ENSG00000235296	AC145207.1
ENSG00000264359	NEK4P2
ENSG00000231458	RNASEH1P2
ENSG00000179598	PLD6
ENSG00000261916	AC027796.1
ENSG00000231645	KRT17P6
ENSG00000185477	GPRIN3
ENSG00000264176	MAGOH2P
ENSG00000272008	AL139274.2
ENSG00000137168	PPIL1
ENSG00000272630	AL731563.3
ENSG00000237021	
ENSG00000111875	ASF1A
ENSG00000146411	SLC2A12
ENSG00000216915	GPR89P
ENSG00000221886	ZBED8
ENSG00000271815	AC008897.3
ENSG00000272070	AC005618.1
ENSG00000177932	ZNF354C
ENSG00000245317	AC008393.1
ENSG00000256870	SLC5A8
ENSG00000256250	AC073912.1
ENSG00000272760	AC093726.1
ENSG00000271715	AC012640.3
ENSG00000271918	AC034236.2
ENSG00000250678	AC008629.2
ENSG00000269983	AC146944.4
ENSG00000155530	LRGUK
ENSG00000226819	MEIS1-AS3
ENSG00000143971	ETAA1
ENSG00000226413	OR8T1P
ENSG00000240031	OR9A3P
ENSG00000226342	NMD3P1
ENSG00000224046	AC005076.1
ENSG00000213713	PIGCP1
ENSG00000235358	AC093151.3
ENSG00000173212	MAB21L3
ENSG00000232215	OR2L6P
ENSG00000198128	OR2L3
ENSG00000273026	AL358472.3
ENSG00000229759	MRPS18AP1
ENSG00000163661	PTX3
ENSG00000238286	SLC35E1P1
ENSG00000257890	AC011595.2
ENSG00000260997	AC004847.1
ENSG00000158022	TRIM63
ENSG00000261737	AL049597.2
ENSG00000225345	SNX18P3
ENSG00000204860	FAM201A
ENSG00000186047	DLEU7
ENSG00000261670	AC012213.2
ENSG00000136999	NOV
ENSG00000260918	AC107398.3
ENSG00000145248	SLC10A4
ENSG00000270681	AC095055.1
ENSG00000224812	TMEM72-AS1
ENSG00000165512	ZNF22
ENSG00000258708	SLC25A21-AS1
ENSG00000254974	AP001372.4
ENSG00000268278	AC123912.3
ENSG00000263015	AC015853.2
ENSG00000242094	FOXP1-IT1
ENSG00000131013	PPIL4
ENSG00000217733	CCT7P1
ENSG00000263724	DLGAP1-AS3
ENSG00000121318	TAS2R10
ENSG00000212128	TAS2R13
ENSG00000212126	TAS2R50
ENSG00000256981	AC134349.2
ENSG00000229657	AL391822.1
ENSG00000272973	AP000350.5
ENSG00000145375	SPATA5
ENSG00000273442	AC006946.3
ENSG00000159248	GJD2
ENSG00000258735	LINC00637
ENSG00000214842	RAD51AP2
ENSG00000167332	OR51E2
ENSG00000223007	RN7SKP73
ENSG00000189114	BLOC1S3
ENSG00000154764	WNT7A
ENSG00000221025	MIR1250
ENSG00000124608	AARS2
ENSG00000237927	AL078604.2
ENSG00000251634	AC145138.1
ENSG00000250387	LINC02197
ENSG00000253869	PIGFP1
ENSG00000237004	ZNRF2P1
ENSG00000272905	AC018648.1
ENSG00000225726	AC007000.2
ENSG00000215795	AL390728.2
ENSG00000244371	PFN1P8
ENSG00000226015	CCT8P1
ENSG00000232838	PET117
ENSG00000262155	LINC02175
ENSG00000271105	SCML2P2
ENSG00000114999	TTL
ENSG00000261399	AL031710.1
ENSG00000204899	MZT1
ENSG00000254343	AC091563.1
ENSG00000273336	OR7M1P
ENSG00000228484	AL137025.1
ENSG00000235677	NPM1P26
ENSG00000119547	ONECUT2
ENSG00000226742	HSBP1L1
ENSG00000141744	PNMT
ENSG00000166426	CRABP1
ENSG00000215186	GOLGA6B
ENSG00000182512	GLRX5
ENSG00000235833	AC017099.1
ENSG00000124019	FAM124B
ENSG00000135914	HTR2B
ENSG00000230799	AC007279.1
ENSG00000091664	SLC17A6
ENSG00000255893	AP000786.1
ENSG00000142959	BEST4
ENSG00000269825	AC022150.4
ENSG00000268201	AC020915.2
ENSG00000268583	AC011466.1
ENSG00000267370	AC008752.3
ENSG00000260236	AC099778.1
ENSG00000267160	AC091152.2
ENSG00000264026	LINC02003
ENSG00000168792	ABHD15
ENSG00000261996	AC004706.1
ENSG00000257718	AC067735.1
ENSG00000271862	AC104118.1
ENSG00000184209	SNRNP35
ENSG00000258018	LINC02457
ENSG00000270923	TAS2R6P
ENSG00000179562	GCC1
ENSG00000220744	RPL5P18
ENSG00000253251	AC008560.1
ENSG00000257859	CASC18
ENSG00000171448	ZBTB26
ENSG00000247228	AC009060.1
ENSG00000263232	ATP5F1AP3
ENSG00000203886	CYP17A1-AS1
ENSG00000171819	ANGPTL7
ENSG00000184731	FAM110C
ENSG00000122176	FMOD
ENSG00000124212	PTGIS
ENSG00000124216	SNAI1
ENSG00000215251	FASTKD5
ENSG00000253839	AC013546.1
ENSG00000261655	AC100803.2
ENSG00000259687	LINC01220
ENSG00000258413	AL158801.2
ENSG00000231660	RPS8P6
ENSG00000115616	SLC9A2
ENSG00000213222	AC093724.1
ENSG00000175213	ZNF408
ENSG00000250584	LINC01511
ENSG00000137285	TUBB2B
ENSG00000244738	AC026316.3
ENSG00000167941	SOST
ENSG00000269964	MEI4
ENSG00000196812	ZSCAN16
ENSG00000132911	NMUR2
ENSG00000155858	LSM11
ENSG00000070193	FGF10
ENSG00000064218	DMRT3
ENSG00000215196	BASP1-AS1
ENSG00000261781	LINC01654
ENSG00000172380	GNG12
ENSG00000269933	AL031429.2
ENSG00000158292	GPR153
ENSG00000101188	NTSR1
ENSG00000223669	AL357033.2
ENSG00000168135	KCNJ4
ENSG00000100122	CRYBB1
ENSG00000229570	GAPDHP58
ENSG00000249923	AC007663.2
ENSG00000136869	TLR4
ENSG00000226717	PTPRD-AS2
ENSG00000272321	AP003355.2
ENSG00000253633	AP002852.1
ENSG00000187676	B3GLCT
ENSG00000249693	THEGL
ENSG00000249228	AC068944.1
ENSG00000189275	LINC01164
ENSG00000234393	AL592546.1
ENSG00000263797	AP005210.1
ENSG00000259755	AC090907.2
ENSG00000248079	DPH6-AS1
ENSG00000257151	PWAR6
ENSG00000259045	MTCO1P2
ENSG00000231680	AP003774.3
ENSG00000255442	AC109635.5
ENSG00000268543	AC012313.4
ENSG00000213965	NUDT19
ENSG00000269067	ZNF728
ENSG00000268100	ZNF725P
ENSG00000241532	AGGF1P3
ENSG00000253967	AC022730.4
ENSG00000233670	PIRT
ENSG00000154548	SRSF12
ENSG00000272108	AC244517.1
ENSG00000173930	SLCO4C1
ENSG00000272595	AC092028.1
ENSG00000256538	AC046130.2
ENSG00000246363	LINC02458
ENSG00000257542	OR7E47P
ENSG00000249790	AC092490.1
ENSG00000234919	LINC01827
ENSG00000187944	C2orf66
ENSG00000232727	YWHAEP1
ENSG00000170775	GPR37
ENSG00000228971	AL356479.1
ENSG00000135766	EGLN1
ENSG00000265702	AC005821.1
ENSG00000224976	PARP4P2
ENSG00000258429	PDF
ENSG00000249212	ATP1B1P1
ENSG00000183090	FREM3
ENSG00000139874	SSTR1
ENSG00000254406	AP001994.1
ENSG00000270164	LINC01480
ENSG00000184811	TUSC5
ENSG00000167193	CRK
ENSG00000272323	AC026801.2
ENSG00000235421	AC114501.2
ENSG00000132661	NXT1
ENSG00000261410	AC009142.1
ENSG00000135736	CCDC102A
ENSG00000259891	AC107375.1
ENSG00000183249	NF1P3
ENSG00000267654	
ENSG00000268205	AC005261.1
ENSG00000272121	AC006058.3
ENSG00000185610	DBX2
ENSG00000223396	RPS10P7
ENSG00000259814	AC102941.1
ENSG00000271443	AC011247.3
ENSG00000135900	MRPL44
ENSG00000183908	LRRC55
ENSG00000134086	VHL
ENSG00000262966	AC005695.1
ENSG00000096092	TMEM14A
ENSG00000216753	HMGA1P7
ENSG00000248202	LINC02234
ENSG00000250891	LINC02208
ENSG00000176055	MBLAC2
ENSG00000170465	KRT6C
ENSG00000111269	CREBL2
ENSG00000106537	TSPAN13
ENSG00000249741	AC093890.1
ENSG00000196715	VKORC1L1
ENSG00000198146	ZNF770
ENSG00000168229	PTGDR
ENSG00000152684	PELO
ENSG00000257534	AC023794.6
ENSG00000236975	AL137793.1
ENSG00000169836	TACR3
ENSG00000232520	AC012507.2
ENSG00000178586	OR6B3
ENSG00000241767	LINC01324
ENSG00000272087	AC080013.4
ENSG00000257551	HLX-AS1
ENSG00000182827	ACBD3
ENSG00000228392	AL162391.1
ENSG00000271020	AC112220.2
ENSG00000237637	FRY-AS1
ENSG00000266242	GRAMD4P7
ENSG00000100583	SAMD15
ENSG00000229797	AC140481.1
ENSG00000205076	LGALS7
ENSG00000187658	C5orf52
ENSG00000233028	AC006970.2
ENSG00000025772	TOMM34
ENSG00000226510	UPK1A-AS1
ENSG00000266213	AC107892.1
ENSG00000131873	CHSY1
ENSG00000269540	AC010624.4
ENSG00000248810	LINC02432
ENSG00000169612	FAM103A1
ENSG00000239736	CEACAMP3
ENSG00000188783	PRELP
ENSG00000231381	RNF2P1
ENSG00000172572	PDE3A
ENSG00000178988	MRFAP1L1
ENSG00000258736	AL583722.3
ENSG00000162998	FRZB
ENSG00000163012	ZSWIM2
ENSG00000222020	AC062017.1
ENSG00000158042	MRPL17
ENSG00000272699	AC007620.3
ENSG00000237167	AC128709.3
ENSG00000263731	AC145207.5
ENSG00000260328	AC104024.2
ENSG00000229108	MEOX2-AS1
ENSG00000159055	MIS18A
ENSG00000186842	LINC00846
ENSG00000244137	AL512328.1
ENSG00000199846	RNU1-72P
ENSG00000132688	NES
ENSG00000253831	ETV3L
ENSG00000177519	RPRM
ENSG00000256436	TAS2R31
ENSG00000259914	AC009063.1
ENSG00000120696	KBTBD7
ENSG00000272173	U47924.2
ENSG00000120333	MRPS14
ENSG00000249335	AC093523.1
ENSG00000173141	MRPL57
ENSG00000260032	NORAD
ENSG00000156968	MPV17L
ENSG00000197888	UGT2B17
ENSG00000225434	LINC01504
ENSG00000258998	LINC02302
ENSG00000252481	SCARNA13
ENSG00000124541	RRP36
ENSG00000169258	GPRIN1
ENSG00000211698	TRGV4
ENSG00000227785	AC092013.1
ENSG00000263065	AF001548.1
